State,Year,Germans_Male_Arrivals from foreign countries,Germans_Male_Departures to foreign countries,Germans_Male_Migration balance,Germans_Female_Arrivals from foreign countries,Germans_Female_Departures to foreign countries,Germans_Female_Migration balance,Germans_Total_Arrivals from foreign countries,Germans_Total_Departures to foreign countries,Germans_Total_Migration balance,Foreigners_Male_Arrivals from foreign countries,Foreigners_Male_Departures to foreign countries,Foreigners_Male_Migration balance,Foreigners_Female_Arrivals from foreign countries,Foreigners_Female_Departures to foreign countries,Foreigners_Female_Migration balance,Foreigners_Total_Arrivals from foreign countries,Foreigners_Total_Departures to foreign countries,Foreigners_Total_Migration balance,Total_Male_Arrivals from foreign countries,Total_Male_Departures to foreign countries,Total_Male_Migration balance,Total_Female_Arrivals from foreign countries,Total_Female_Departures to foreign countries,Total_Female_Migration balance,Total_Total_Arrivals from foreign countries,Total_Total_Departures to foreign countries,Total_Total_Migration balance,Registered unemployed,Unemployment as percent. of civilian labour force,Rate of registered unemployed,Registered vacancies,Vacancy,Vacancy_sc
Baden-Württemberg,2000,12435,9809,2626,10051,7975,2076,22486,17784,4702,65868,67010,-1142,50532,42972,7560,116400,109982,6418,78303,76819,1484,60583,50947,9636,138886,127766,11120,281500,5.4,6.0,78669,78669,75810
Baden-Württemberg,2001,10136,10151,-15,7939,8082,-143,18075,18233,-158,67614,57494,10120,52942,38159,14783,120556,95653,24903,77750,67645,10105,60881,46241,14640,138631,113886,24745,264301,4.9,5.5,73514,73514,70418
Baden-Württemberg,2002,9607,10219,-612,7385,8522,-1137,16992,18741,-1749,65302,59389,5913,53411,40734,12677,118713,100123,18590,74909,69608,5301,60796,49256,11540,135705,118864,16841,295005,5.4,6.1,57496,57496,54136
Baden-Württemberg,2003,9043,10838,-1795,6949,8903,-1954,15992,19741,-3749,59363,59374,-11,48658,40611,8047,108021,99985,8036,68406,70212,-1806,55607,49514,6093,124013,119726,4287,336881,6.2,6.9,37759,37759,34494
Baden-Württemberg,2004,8809,11463,-2654,6808,9730,-2922,15617,21193,-5576,59178,61212,-2034,47002,41382,5620,106180,102594,3586,67987,72675,-4688,53810,51112,2698,121797,123787,-1990,340943,6.2,6.9,29907,29907,26861
Baden-Württemberg,2005,8674,12094,-3420,6731,10232,-3501,15405,22326,-6921,59450,57833,1617,46286,38231,8055,105736,96064,9672,68124,69927,-1803,53017,48463,4554,121141,118390,2751,385267,7.0,7.8,34493,34493,30249
Baden-Württemberg,2006,8821,13548,-4727,6774,11129,-4355,15595,24677,-9082,56744,55400,1344,43693,37698,5995,100437,93098,7339,65565,68948,-3383,50467,48827,1640,116032,117775,-1743,348697,6.3,7.1,45123,45123,40892
Baden-Württemberg,2007,9412,14731,-5319,7425,12273,-4848,16837,27004,-10167,57886,52795,5091,44387,36958,7429,102273,89753,12520,67298,67526,-228,51812,49231,2581,119110,116757,2353,271663,4.9,5.5,57991,57991,53377
Baden-Württemberg,2008,10147,16810,-6663,8239,14346,-6107,18386,31156,-12770,58554,57965,589,44271,40523,3748,102825,98488,4337,68701,74775,-6074,52510,54869,-2359,121211,129644,-8433,228646,4.1,4.6,59237,59237,55219
Baden-Württemberg,2009,10683,14623,-3940,8439,12695,-4256,19122,27318,-8196,57732,54120,3612,44834,37899,6935,102566,92019,10547,68415,68743,-328,53273,50594,2679,121688,119337,2351,284168,5.1,5.7,39958,39958,36238
Baden-Württemberg,2010,10901,14171,-3270,8762,11992,-3230,19663,26163,-6500,67793,53268,14525,48760,37906,10854,116553,91174,25379,78694,67439,11255,57522,49898,7624,136216,117337,18879,272656,4.9,5.4,50969,50962,45856
Baden-Württemberg,2011,10761,13902,-3141,8884,11956,-3072,19645,25858,-6213,85539,58234,27305,56463,37151,19312,142002,95385,46617,96300,72136,24164,65347,49107,16240,161647,121243,40404,226918,4.0,4.5,73278,73268,67322
Baden-Württemberg,2012,11005,12947,-1942,8783,11282,-2499,19788,24229,-4441,103713,64391,39322,67547,38502,29045,171260,102893,68367,114718,77338,37380,76330,49784,26546,191048,127122,63926,222202,3.9,4.4,74844,74844,69720
Baden-Württemberg,2013,11142,13392,-2250,9026,11362,-2336,20168,24754,-4586,118521,74576,43945,75590,43462,32128,194111,118038,76073,129663,87968,41695,84616,54824,29792,214279,142792,71487,233956,4.1,4.5,63506,67330,63210
Baden-Württemberg,2014,11129,13568,-2439,9133,11949,-2816,20262,25517,-5255,143949,89599,54350,90764,49855,40909,234713,139454,95259,155078,103167,51911,99897,61804,38093,254975,164971,90004,230372,4.0,4.4,71974,71974,68684
Baden-Württemberg,2015,11249,13000,-1751,9325,11136,-1811,20574,24136,-3562,205654,95746,109908,115288,52396,62892,320942,148142,172800,216903,108746,108157,124613,63532,61081,341516,172278,169238,227098,3.8,4.3,82009,82009,78702
Baden-Württemberg,2016,12226,19917,-7691,9490,14165,-4675,21716,34082,-12366,169265,117671,51594,100930,59662,41268,270195,177333,92862,181491,137588,43903,110420,73827,36593,291911,211415,80496,226421,3.8,4.2,92333,92333,89088
Baden-Württemberg,2017,12853,17794,-4941,9636,13198,-3562,22489,30992,-8503,140580,94440,46140,89142,49559,39583,229722,143999,85723,153433,112234,41199,98778,62757,36021,252211,174991,77220,212837,3.5,3.9,102096,102096,98979
Baden-Württemberg,2018,15635,21788,-6153,10554,14956,-4402,26189,36744,-10555,137102,103877,33225,87109,53034,34075,224211,156911,67300,152737,125665,27072,97663,67990,29673,250400,193655,56745,195128,3.2,3.5,112360,112360,109200
Baden-Württemberg,2019,18217,22783,-4566,11796,15714,-3918,30013,38497,-8484,132081,106485,25596,84720,55169,29551,216801,161654,55147,150298,129268,21030,96516,70883,25633,246814,200151,46663,196950,3.2,3.5,106185,106185,103540
Baden-Württemberg,2020,16306,18750,-2444,10756,12927,-2171,27062,31677,-4615,96642,82848,13794,62106,43642,18464,158748,126490,32258,112948,101598,11350,72862,56569,16293,185810,158167,27643,259940,4.1,4.5,72963,72963,71419
Baden-Württemberg,2021,15371,21573,-6202,9906,15299,-5393,25277,36872,-11595,104673,79077,25596,69752,41721,28031,174425,120798,53627,120044,100650,19394,79658,57020,22638,199702,157670,42032,247774,3.9,4.3,88314,88314,86588
Baden-Württemberg,2022,15324,24310,-8986,10312,18225,-7913,25636,42535,-16899,184908,91984,92924,175393,63107,112286,360301,155091,205210,200232,116294,83938,185705,81332,104373,385937,197626,188311,223119,3.5,3.9,111188,111188,109167
Baden-Württemberg,2023,15669,23219,-7550,10614,16980,-6366,26283,40199,-13916,155063,96966,58097,107496,63568,43928,262559,160534,102025,170732,120185,50547,118110,80548,37562,288842,200733,88109,245466,3.9,4.2,95715,95715,94325
Baden-Württemberg,2024,15804,23597,-7793,10551,16795,-6244,26355,40392,-14037,124368,97747,26621,88879,60948,27931,213247,158695,54552,140172,121344,18828,99430,77743,21687,239602,199087,40515,269990,4.2,4.6,82697,82697,81363
Bayern,2000,12584,9742,2842,8237,7794,443,20821,17536,3285,74593,68352,6241,48042,36348,11694,122635,104700,17935,87177,78094,9083,56279,44142,12137,143456,122236,21220,339537,5.5,6.3,89588,89588,86500
Bayern,2001,12126,10247,1879,8084,7789,295,20210,18036,2174,79770,62274,17496,52663,32627,20036,132433,94901,37532,91896,72521,19375,60747,40416,20331,152643,112937,39706,332569,5.3,6.0,83001,83001,79828
Bayern,2002,11306,10489,817,7593,8346,-753,18899,18835,64,73107,65733,7374,49589,34830,14759,122696,100563,22133,84413,76222,8191,57182,43176,14006,141595,119398,22197,386696,6.0,6.9,65845,65845,63008
Bayern,2003,10561,10883,-322,7118,8141,-1023,17679,19024,-1345,64963,62811,2152,44519,33097,11422,109482,95908,13574,75524,73694,1830,51637,41238,10399,127161,114932,12229,447262,6.9,7.9,45871,45871,42760
Bayern,2004,9606,11817,-2211,6245,9231,-2986,15851,21048,-5197,65925,68370,-2445,44647,36948,7699,110572,105318,5254,75531,80187,-4656,50892,46179,4713,126423,126366,57,449680,6.9,7.9,33620,33620,30603
Bayern,2005,9329,12400,-3071,6895,10570,-3675,16224,22970,-6746,60262,56882,3380,42863,31423,11440,103125,88305,14820,69591,69282,309,49758,41993,7765,119349,111275,8074,504980,7.8,8.9,39774,39774,35429
Bayern,2006,9495,13665,-4170,6794,11526,-4732,16289,25191,-8902,60075,55413,4662,39934,32511,7423,100009,87924,12085,69570,69078,492,46728,44037,2691,116298,113115,3183,446461,6.8,7.8,51286,51286,46360
Bayern,2007,10842,15124,-4282,7991,12397,-4406,18833,27521,-8688,61930,55328,6602,40875,31299,9576,102805,86627,16178,72772,70452,2320,48866,43696,5170,121638,114148,7490,349826,5.3,6.1,62839,62840,58137
Bayern,2008,11198,17614,-6416,8552,14356,-5804,19750,31970,-12220,60089,63273,-3184,39734,36432,3302,99823,99705,118,71287,80887,-9600,48286,50788,-2502,119573,131675,-12102,276332,4.2,4.8,54736,54736,51279
Bayern,2009,11518,14733,-3215,8671,12434,-3763,20189,27167,-6978,60376,62631,-2255,41567,38810,2757,101943,101441,502,71894,77364,-5470,50238,51244,-1006,122132,128608,-6476,319197,4.8,5.5,40362,40362,37518
Bayern,2010,12409,13231,-822,8920,11254,-2334,21329,24485,-3156,71947,50603,21344,46544,29863,16681,118491,80466,38025,84356,63834,20522,55464,41117,14347,139820,104951,34869,299448,4.5,5.1,50336,50333,46914
Bayern,2011,12768,13986,-1218,9426,12187,-2761,22194,26173,-3979,98814,60800,38014,60027,33360,26667,158841,94160,64681,111582,74786,36796,69453,45547,23906,181035,120333,60702,254359,3.8,4.3,67074,67073,63209
Bayern,2012,11804,13960,-2156,9045,11902,-2857,20849,25862,-5013,119491,73158,46333,72454,37674,34780,191945,110832,81113,131295,87118,44177,81499,49576,31923,212794,136694,76100,248860,3.7,4.2,70082,70082,66375
Bayern,2013,11971,15824,-3853,9241,12743,-3502,21212,28567,-7355,135985,84701,51284,82969,43336,39633,218954,128037,90917,147956,100525,47431,92210,56079,36131,240166,156604,83562,264532,3.8,4.4,64412,67206,63652
Bayern,2014,12153,20623,-8470,9401,14818,-5417,21554,35441,-13887,157808,102273,55535,96739,52357,44382,254547,154630,99917,169961,122896,47065,106140,67175,38965,276101,190071,86030,264603,3.8,4.3,73092,73092,69755
Bayern,2015,11616,17327,-5711,9531,13210,-3679,21147,30537,-9390,212312,105224,107088,116249,53998,62251,328561,159222,169339,223928,122551,101377,125780,67208,58572,349708,189759,159949,256527,3.6,4.1,87784,87784,84211
Bayern,2016,13264,22749,-9485,9642,15246,-5604,22906,37995,-15089,185600,123315,62285,107711,57100,50611,293311,180415,112896,198864,146064,52800,117353,72346,45007,316217,218410,97807,250623,3.5,3.9,103907,103907,99998
Bayern,2017,14946,20959,-6013,10094,14757,-4663,25040,35716,-10676,159857,119068,40789,97666,58683,38983,257523,177751,79772,174803,140027,34776,107760,73440,34320,282563,213467,69096,231353,3.2,3.6,118912,118912,114835
Bayern,2018,15370,20397,-5027,10372,14138,-3766,25742,34535,-8793,160799,115926,44873,97496,55793,41703,258295,171719,86576,176169,136323,39846,107868,69931,37937,284037,206254,77783,214017,2.9,3.2,129853,129853,125907
Bayern,2019,15688,20693,-5005,10512,14195,-3683,26200,34888,-8688,152989,124010,28979,93681,58727,34954,246670,182737,63933,168677,144703,23974,104193,72922,31271,272870,217625,55245,211965,2.8,3.2,125827,125827,122530
Bayern,2020,15384,18624,-3240,9971,12527,-2556,25355,31151,-5796,113210,99137,14073,69652,46936,22716,182862,146073,36789,128594,117761,10833,79623,59463,20160,208217,177224,30993,275075,3.6,4.0,100066,100066,97703
Bayern,2021,14259,21833,-7574,9315,15843,-6528,23574,37676,-14102,130666,97796,32870,82311,48717,33594,212977,146513,66464,144925,119629,25296,91626,64560,27066,236551,184189,52362,262186,3.5,3.8,119158,119158,116400
Bayern,2022,14354,22805,-8451,9493,16830,-7337,23847,39635,-15788,220590,114132,106458,199590,73005,126585,420180,187137,233043,234944,136937,98007,209083,89835,119248,444027,226772,217255,235851,3.1,3.4,154634,154634,150956
Bayern,2023,15048,24436,-9388,9967,17556,-7589,25015,41992,-16977,191035,125428,65607,119532,75422,44110,310567,200850,109717,206083,149864,56219,129499,92978,36521,335582,242842,92740,257096,3.4,3.7,149006,149006,145747
Bayern,2024,15612,23725,-8113,10229,17329,-7100,25841,41054,-15213,164121,121483,42638,108370,67951,40419,272491,189434,83057,179733,145208,34525,118599,85280,33319,298332,230488,67844,285234,3.7,4.0,132035,132035,128926
Berlin,2000,3965,3176,789,2340,2235,105,6305,5411,894,22783,22506,277,17457,13666,3791,40240,36172,4068,26748,25682,1066,19797,15901,3896,46545,41583,4962,264819,15.8,17.6,4982,4982,4865
Berlin,2001,3648,3113,535,2472,2379,93,6120,5492,628,21871,17874,3997,17791,11248,6543,39662,29122,10540,25519,20987,4532,20263,13627,6636,45782,34614,11168,272330,16.1,17.9,5286,5286,5184
Berlin,2002,3537,3190,347,2337,2628,-291,5874,5818,56,20324,26798,-6474,17172,1019,16153,37496,27817,9679,23861,29988,-6127,19509,3647,15862,43370,33635,9735,288285,16.9,18.9,6400,6400,6243
Berlin,2003,3490,3477,13,2400,2987,-587,5890,6464,-574,19227,16227,3000,15992,10898,5094,35219,27125,8094,22717,19704,3013,18392,13885,4507,41109,33589,7520,306556,18.1,20.2,6408,6408,6194
Berlin,2004,3160,3680,-520,2117,3232,-1115,5277,6912,-1635,20301,14025,6276,16485,10307,6178,36786,24332,12454,23461,17705,5756,18602,13539,5063,42063,31244,10819,298661,17.7,19.9,4389,4389,4113
Berlin,2005,3191,3910,-719,2353,3527,-1174,5544,7437,-1893,21013,12154,8859,16035,8472,7563,37048,20626,16422,24204,16064,8140,18388,11999,6389,42592,28063,14529,319178,19.0,21.5,7124,7127,5731
Berlin,2006,3303,4487,-1184,2562,4024,-1462,5865,8511,-2646,20148,14457,5691,15250,9571,5679,35398,24028,11370,23451,18944,4507,17812,13595,4217,41263,32539,8724,293476,17.5,20.1,10869,10869,9457
Berlin,2007,3568,4938,-1370,2904,4587,-1683,6472,9525,-3053,21518,18679,2839,16432,11599,4833,37950,30278,7672,25086,23617,1469,19336,16186,3150,44422,39803,4619,260235,15.5,17.9,11077,11080,10231
Berlin,2008,3644,5247,-1603,3110,4853,-1743,6754,10100,-3346,21824,19770,2054,17163,13519,3644,38987,33289,5698,25468,25017,451,20273,18372,1901,45741,43389,2352,233323,13.8,16.1,8845,8845,8084
Berlin,2009,4473,5122,-649,3542,4786,-1244,8015,9908,-1893,25668,30208,-4540,19623,21026,-1403,45291,51234,-5943,30141,35330,-5189,23165,25812,-2647,53306,61142,-7836,236669,14.0,16.4,8372,8372,7579
Berlin,2010,4406,4818,-412,3749,4555,-806,8155,9373,-1218,29504,30755,-1251,21952,20655,1297,51456,51410,46,33910,35573,-1663,25701,25210,491,59611,60783,-1172,231221,13.6,15.8,9858,9858,9127
Berlin,2011,4559,4740,-181,3931,4610,-679,8490,9350,-860,34610,21690,12920,26836,14816,12020,61446,36506,24940,39169,26430,12739,30767,19426,11341,69936,45856,24080,228838,13.3,15.5,13389,13389,12594
Berlin,2012,4602,4590,12,4129,4351,-222,8731,8941,-210,38421,23255,15166,29952,15718,14234,68373,38973,29400,43023,27845,15178,34081,20069,14012,77104,47914,29190,215348,12.3,14.5,18583,18583,17494
Berlin,2013,4750,4789,-39,4267,4510,-243,9017,9299,-282,42231,24199,18032,33177,17103,16074,75408,41302,34106,46981,28988,17993,37444,21613,15831,84425,50601,33824,210093,11.7,13.9,17997,19034,17265
Berlin,2014,4932,4687,245,4309,4565,-256,9241,9252,-11,47304,28905,18399,36549,20496,16053,83853,49401,34452,52236,33592,18644,40858,25061,15797,93094,58653,34441,202927,11.1,13.2,20279,20279,18655
Berlin,2015,4390,4426,-36,3938,4327,-389,8328,8753,-425,58021,31370,26651,41846,22359,19487,99867,53729,46138,62411,35796,26615,45784,26686,19098,108195,62482,45713,194812,10.7,12.6,22493,22493,20924
Berlin,2016,7319,13674,-6355,5174,7636,-2462,12493,21310,-8817,67061,36264,30797,47903,23626,24277,114964,59890,55074,74380,49938,24442,53077,31262,21815,127457,81200,46257,181018,9.8,11.5,25506,25506,24056
Berlin,2017,8474,10887,-2413,5495,6709,-1214,13969,17596,-3627,49672,28858,20814,38649,19290,19359,88321,48148,40173,58146,39745,18401,44144,25999,18145,102290,65744,36546,168991,9.0,10.5,24793,24793,23582
Berlin,2018,9934,11514,-1580,5905,6836,-931,15839,18350,-2511,52179,31307,20872,40614,21104,19510,92793,52411,40382,62113,42821,19292,46519,27940,18579,108632,70761,37871,156230,8.1,9.5,25318,25318,23894
Berlin,2019,9775,11917,-2142,6023,7274,-1251,15798,19191,-3393,53019,36961,16058,41802,24363,17439,94821,61324,33497,62794,48878,13916,47825,31637,16188,110619,80515,30104,152565,7.8,9.1,27602,27602,25154
Berlin,2020,8012,8689,-677,5090,5559,-469,13102,14248,-1146,38815,29345,9470,29289,20342,8947,68104,49687,18417,46827,38034,8793,34379,25901,8478,81206,63935,17271,192644,9.7,11.2,20842,20842,19468
Berlin,2021,7615,9842,-2227,4726,6479,-1753,12341,16321,-3980,44948,30764,14184,35933,20655,15278,80881,51419,29462,52563,40606,11957,40659,27134,13525,93222,67740,25482,198401,9.8,11.3,18839,18839,18021
Berlin,2022,7577,9372,-1795,4785,6427,-1642,12362,15799,-3437,76724,30536,46188,76942,23740,53202,153666,54276,99390,84301,39908,44393,81727,30167,51560,166028,70075,95953,179327,8.8,10.1,21308,21308,20681
Berlin,2023,7314,9853,-2539,4555,6486,-1931,11869,16339,-4470,63397,32805,30592,48467,25039,23428,111864,57844,54020,70711,42658,28053,53022,31525,21497,123733,74183,49550,187930,9.1,10.4,19613,19613,19028
Berlin,2024,7170,10357,-3187,4520,6933,-2413,11690,17290,-5600,63253,37062,26191,46768,25497,21271,110021,62559,47462,70423,47419,23004,51288,32430,18858,121711,79849,41862,203242,9.7,11.0,21198,21198,20762
Brandenburg,2000,892,646,246,644,441,203,1536,1087,449,6099,5127,972,3278,1757,1521,9377,6884,2493,6991,5773,1218,3922,2198,1724,10913,7971,2942,226451,17.0,18.4,4398,4398,4325
Brandenburg,2001,688,680,8,490,554,-64,1178,1234,-56,6405,4540,1865,3674,1685,1989,10079,6225,3854,7093,5220,1873,4164,2239,1925,11257,7459,3798,233650,17.4,18.8,5038,5038,4900
Brandenburg,2002,729,859,-130,622,808,-186,1351,1667,-316,6465,5213,1252,3999,1926,2073,10464,7139,3325,7194,6072,1122,4621,2734,1887,11815,8806,3009,237903,17.5,19.1,6374,6374,6225
Brandenburg,2003,807,931,-124,758,880,-122,1565,1811,-246,5214,4880,334,3562,2118,1444,8776,6998,1778,6021,5811,210,4320,2998,1322,10341,8809,1532,252967,18.8,20.4,5840,5840,5586
Brandenburg,2004,849,1030,-181,557,850,-293,1406,1880,-474,4848,5244,-396,3381,2445,936,8229,7689,540,5697,6274,-577,3938,3295,643,9635,9569,66,250709,18.7,20.3,4431,4431,4090
Brandenburg,2005,857,1055,-198,575,836,-261,1432,1891,-459,4427,4412,15,3110,2280,830,7537,6692,845,5284,5467,-183,3685,3116,569,8969,8583,386,243879,18.2,19.9,4678,4678,4116
Brandenburg,2006,867,1261,-394,657,1075,-418,1524,2336,-812,4342,4552,-210,2786,2012,774,7128,6564,564,5209,5813,-604,3443,3087,356,8652,8900,-248,226468,17.0,18.7,7090,7090,6501
Brandenburg,2007,967,1532,-565,750,1246,-496,1717,2778,-1061,4055,3814,241,2653,1780,873,6708,5594,1114,5022,5346,-324,3403,3026,377,8425,8372,53,198161,14.7,16.4,6937,6937,6421
Brandenburg,2008,1141,1813,-672,845,1461,-616,1986,3274,-1288,3847,4222,-375,2666,2181,485,6513,6403,110,4988,6035,-1047,3511,3642,-131,8499,9677,-1178,174587,13.0,14.4,6757,6757,6224
Brandenburg,2009,1301,1765,-464,921,1448,-527,2222,3213,-991,4465,4456,9,2927,2077,850,7392,6533,859,5766,6221,-455,3848,3525,323,9614,9746,-132,164673,12.3,13.6,6982,6982,6418
Brandenburg,2010,1277,1542,-265,977,1258,-281,2254,2800,-546,5148,3721,1427,3370,2109,1261,8518,5830,2688,6425,5263,1162,4347,3367,980,10772,8630,2142,148834,11.1,12.4,8504,8504,7912
Brandenburg,2011,1303,1401,-98,1035,1214,-179,2338,2615,-277,6361,4337,2024,3985,2289,1696,10346,6626,3720,7664,5738,1926,5020,3503,1517,12684,9241,3443,143190,10.7,11.9,10201,10201,9492
Brandenburg,2012,1286,1402,-116,1013,1255,-242,2299,2657,-358,7141,4517,2624,4610,2399,2211,11751,6916,4835,8427,5919,2508,5623,3654,1969,14050,9573,4477,136125,10.2,11.3,11168,11168,10609
Brandenburg,2013,1327,1425,-98,992,1217,-225,2319,2642,-323,8738,5140,3598,6077,2991,3086,14815,8131,6684,10065,6565,3500,7069,4208,2861,17134,10773,6361,132329,9.9,11.0,10937,11219,10715
Brandenburg,2014,1341,1450,-109,1027,1154,-127,2368,2604,-236,11996,6313,5683,7023,3377,3646,19019,9690,9329,13337,7763,5574,8050,4531,3519,21387,12294,9093,124628,9.4,10.5,12158,12158,11726
Brandenburg,2015,1314,1326,-12,1068,1154,-86,2382,2480,-98,25357,7797,17560,12162,4272,7890,37519,12069,25450,26671,9123,17548,13230,5426,7804,39901,14549,25352,114873,8.7,9.7,15416,15416,15037
Brandenburg,2016,1822,4737,-2915,1189,2163,-974,3011,6900,-3889,20680,12494,8186,12225,5527,6698,32905,18021,14884,22502,17231,5271,13414,7690,5724,35916,24921,10995,105555,8.0,8.9,19400,19400,18942
Brandenburg,2017,2145,4003,-1858,1342,1906,-564,3487,5909,-2422,13709,9187,4522,8582,4413,4169,22291,13600,8691,15854,13190,2664,9924,6319,3605,25778,19509,6269,92648,7.0,7.8,20855,20855,20396
Brandenburg,2018,3349,4492,-1143,1769,2234,-465,5118,6726,-1608,14445,10695,3750,8362,4854,3508,22807,15549,7258,17794,15187,2607,10131,7088,3043,27925,22275,5650,83669,6.3,7.0,23490,23490,23176
Brandenburg,2019,3707,4390,-683,1870,2221,-351,5577,6611,-1034,14727,10806,3921,8485,4775,3710,23212,15581,7631,18434,15196,3238,10355,6996,3359,28789,22192,6597,76888,5.8,6.4,23534,23534,23173
Brandenburg,2020,3073,3523,-450,1697,1760,-63,4770,5283,-513,11433,8317,3116,6225,3454,2771,17658,11771,5887,14506,11840,2666,7922,5214,2708,22428,17054,5374,82491,6.2,6.8,21217,21217,20901
Brandenburg,2021,3129,3721,-592,1565,1904,-339,4694,5625,-931,12043,7455,4588,7883,2978,4905,19926,10433,9493,15172,11176,3996,9448,4882,4566,24620,16058,8562,78463,5.9,6.5,23436,23436,22991
Brandenburg,2022,3091,4024,-933,1623,2164,-541,4714,6188,-1474,27837,8951,18886,30399,6583,23816,58236,15534,42702,30928,12975,17953,32022,8747,23275,62950,21722,41228,74242,5.6,6.1,27974,27974,27574
Brandenburg,2023,3262,3911,-649,1675,2160,-485,4937,6071,-1134,22029,10779,11250,12688,6575,6113,34717,17354,17363,25291,14690,10601,14363,8735,5628,39654,23425,16229,78996,5.9,6.5,25294,25294,25009
Brandenburg,2024,3166,4067,-901,1567,2218,-651,4733,6285,-1552,17043,10336,6707,10745,5716,5029,27788,16052,11736,20209,14403,5806,12312,7934,4378,32521,22337,10184,82795,6.1,6.7,23913,23913,23656
Bremen,2000,415,461,-46,297,397,-100,712,858,-146,3263,2858,405,2537,1551,986,5800,4409,1391,3678,3319,359,2834,1948,886,6512,5267,1245,41144,13.0,14.3,4681,4681,4404
Bremen,2001,459,417,42,367,395,-28,826,812,14,3838,2610,1228,2789,1450,1339,6627,4060,2567,4297,3027,1270,3156,1845,1311,7453,4872,2581,39820,12.4,13.5,4976,4976,4703
Bremen,2002,448,454,-6,373,386,-13,821,840,-19,4060,2430,1630,3253,1418,1835,7313,3848,3465,4508,2884,1624,3626,1804,1822,8134,4688,3446,40452,12.5,13.7,4672,4672,4407
Bremen,2003,445,478,-33,353,425,-72,798,903,-105,3869,2623,1246,2963,1665,1298,6832,4288,2544,4314,3101,1213,3316,2090,1226,7630,5191,2439,42378,13.2,14.4,3094,3094,2890
Bremen,2004,423,533,-110,312,434,-122,735,967,-232,3825,3121,704,2745,1906,839,6570,5027,1543,4248,3654,594,3057,2340,717,7305,5994,1311,42280,13.2,14.4,2498,2498,2248
Bremen,2005,360,461,-101,290,439,-149,650,900,-250,3265,2684,581,2590,1550,1040,5855,4234,1621,3625,3145,480,2880,1989,891,6505,5134,1371,53223,16.8,18.4,2664,2664,2397
Bremen,2006,475,615,-140,388,547,-159,863,1162,-299,3241,2784,457,2302,1649,653,5543,4433,1110,3716,3399,317,2690,2196,494,6406,5595,811,47719,14.9,16.3,4209,4209,3950
Bremen,2007,517,674,-157,373,563,-190,890,1237,-347,3592,2984,608,2594,1766,828,6186,4750,1436,4109,3658,451,2967,2329,638,7076,5987,1089,41006,12.7,13.9,5645,5645,5390
Bremen,2008,542,810,-268,410,679,-269,952,1489,-537,3631,3265,366,2388,1879,509,6019,5144,875,4173,4075,98,2798,2558,240,6971,6633,338,36730,11.4,12.5,4669,4669,4474
Bremen,2009,535,669,-134,422,609,-187,957,1278,-321,4369,4014,355,2748,2368,380,7117,6382,735,4904,4683,221,3170,2977,193,8074,7660,414,38156,11.8,13.0,3482,3482,3320
Bremen,2010,536,590,-54,437,590,-153,973,1180,-207,4762,4839,-77,3091,2768,323,7853,7607,246,5298,5429,-131,3528,3358,170,8826,8787,39,38705,12.0,13.2,3718,3718,3467
Bremen,2011,570,553,17,440,499,-59,1010,1052,-42,5534,3669,1865,3383,1934,1449,8917,5603,3314,6104,4222,1882,3823,2433,1390,9927,6655,3272,37455,11.6,12.7,4672,4672,4450
Bremen,2012,582,574,8,467,545,-78,1049,1119,-70,6574,3958,2616,3979,2044,1935,10553,6002,4551,7156,4532,2624,4446,2589,1857,11602,7121,4481,36828,11.2,12.3,4819,4819,4621
Bremen,2013,588,583,5,517,505,12,1105,1088,17,6810,3910,2900,4398,2138,2260,11208,6048,5160,7398,4493,2905,4915,2643,2272,12313,7136,5177,37198,11.1,12.3,4331,4593,4445
Bremen,2014,593,730,-137,455,557,-102,1048,1287,-239,8377,4218,4159,5405,2345,3060,13782,6563,7219,8970,4948,4022,5860,2902,2958,14830,7850,6980,37091,10.9,12.2,4742,4742,4527
Bremen,2015,616,595,21,458,521,-63,1074,1116,-42,12585,4391,8194,7880,2385,5495,20465,6776,13689,13201,4986,8215,8338,2906,5432,21539,7892,13647,37355,10.9,12.1,5452,5452,5216
Bremen,2016,921,2026,-1105,616,1080,-464,1537,3106,-1569,12065,6631,5434,7559,3761,3798,19624,10392,9232,12986,8657,4329,8175,4841,3334,21161,13498,7663,36393,10.5,11.6,6382,6382,6188
Bremen,2017,1265,1606,-341,593,856,-263,1858,2462,-604,8515,5145,3370,6011,2590,3421,14526,7735,6791,9780,6751,3029,6604,3446,3158,16384,10197,6187,35687,10.2,11.2,6510,6510,6342
Bremen,2018,1622,1815,-193,799,1017,-218,2421,2832,-411,8394,5192,3202,5706,2663,3043,14100,7855,6245,10016,7007,3009,6505,3680,2825,16521,10687,5834,34904,9.8,10.8,7169,7169,7001
Bremen,2019,1573,2511,-938,823,1763,-940,2396,4274,-1878,8309,7166,1143,5211,3303,1908,13520,10469,3051,9882,9677,205,6034,5066,968,15916,14743,1173,35702,9.9,10.9,7425,7425,7274
Bremen,2020,1332,1516,-184,797,885,-88,2129,2401,-272,5805,4089,1716,3776,2022,1754,9581,6111,3470,7137,5605,1532,4573,2907,1666,11710,8512,3198,40822,11.2,12.2,5844,5844,5744
Bremen,2021,1342,2085,-743,778,1382,-604,2120,3467,-1347,6400,5756,644,4439,3125,1314,10839,8881,1958,7742,7841,-99,5217,4507,710,12959,12348,611,39292,10.7,11.7,6510,6510,6389
Bremen,2022,1311,1595,-284,740,1009,-269,2051,2604,-553,10947,4038,6909,10419,2242,8177,21366,6280,15086,12258,5633,6625,11159,3251,7908,23417,8884,14533,37214,10.2,11.0,8858,8858,8743
Bremen,2023,1369,1649,-280,815,1025,-210,2184,2674,-490,9839,4359,5480,7377,2720,4657,17216,7079,10137,11208,6008,5200,8192,3745,4447,19400,9753,9647,39050,10.6,11.5,9028,9028,8926
Bremen,2024,1294,1472,-178,746,947,-201,2040,2419,-379,8366,4207,4159,6179,2635,3544,14545,6842,7703,9660,5679,3981,6925,3582,3343,16585,9261,7324,41116,11.1,11.9,7897,7897,7785
Hamburg,2000,2191,1432,759,1255,1142,113,3446,2574,872,13301,10903,2398,8438,4459,3979,21739,15362,6377,15492,12335,3157,9693,5601,4092,25185,17936,7249,74681,8.9,10.0,10630,10630,10380
Hamburg,2001,1937,1381,556,1320,1236,84,3257,2617,640,12698,10166,2532,8268,4632,3636,20966,14798,6168,14635,11547,3088,9588,5868,3720,24223,17415,6808,70669,8.3,9.3,9688,9688,9486
Hamburg,2002,2024,1394,630,1331,1397,-66,3355,2791,564,11365,12822,-1457,7641,6490,1151,19006,19312,-306,13389,14216,-827,8972,7887,1085,22361,22103,258,77502,9.0,10.2,9132,9132,8933
Hamburg,2003,2127,1517,610,1377,1360,17,3504,2877,627,10887,11489,-602,7371,5046,2325,18258,16535,1723,13014,13006,8,8748,6406,2342,21762,19412,2350,86376,9.9,11.3,6726,6726,6480
Hamburg,2004,2564,1789,775,1717,1695,22,4281,3484,797,11897,15491,-3594,7560,9018,-1458,19457,24509,-5052,14461,17280,-2819,9277,10713,-1436,23738,27993,-4255,84258,9.7,11.0,7512,7512,7236
Hamburg,2005,2107,1991,116,1318,1763,-445,3425,3754,-329,13661,10138,3523,7004,4713,2291,20665,14851,5814,15768,12129,3639,8322,6476,1846,24090,18605,5485,98228,11.3,12.9,8702,8702,8229
Hamburg,2006,2037,2204,-167,1387,1926,-539,3424,4130,-706,13214,11249,1965,6574,4978,1596,19788,16227,3561,15251,13453,1798,7961,6904,1057,23212,20357,2855,96028,11.0,12.6,16207,16207,14315
Hamburg,2007,1529,2489,-960,1193,2312,-1119,2722,4801,-2079,10758,6411,4347,6210,3027,3183,16968,9438,7530,12287,8900,3387,7403,5339,2064,19690,14239,5451,81056,9.1,10.5,20985,20984,19111
Hamburg,2008,1694,2690,-996,1419,2506,-1087,3113,5196,-2083,12119,16923,-4804,6282,8842,-2560,18401,25765,-7364,13813,19613,-5800,7701,11348,-3647,21514,30961,-9447,72847,8.1,9.4,19062,19062,18351
Hamburg,2009,1978,2276,-298,1606,2055,-449,3584,4331,-747,14210,17462,-3252,7318,8269,-951,21528,25731,-4203,16188,19738,-3550,8924,10324,-1400,25112,30062,-4950,78448,8.6,10.0,14404,14404,14005
Hamburg,2010,1889,2168,-279,1552,2018,-466,3441,4186,-745,14988,11614,3374,7895,5278,2617,22883,16892,5991,16877,13782,3095,9447,7296,2151,26324,21078,5246,75486,8.2,9.5,14031,14031,13576
Hamburg,2011,1951,2203,-252,1641,2061,-420,3592,4264,-672,18043,12925,5118,9413,5485,3928,27456,18410,9046,19994,15128,4866,11054,7546,3508,31048,22674,8374,72448,7.8,9.0,15329,15329,14972
Hamburg,2012,1967,2054,-87,1669,1906,-237,3636,3960,-324,18225,11817,6408,10551,5202,5349,28776,17019,11757,20192,13871,6321,12220,7108,5112,32412,20979,11433,70434,7.5,8.6,16134,16134,15828
Hamburg,2013,2043,2260,-217,1630,2170,-540,3673,4430,-757,19424,14138,5286,11742,6557,5185,31166,20695,10471,21467,16398,5069,13372,8727,4645,34839,25125,9714,71560,7.4,8.6,14127,14897,14606
Hamburg,2014,1848,2159,-311,1608,2101,-493,3456,4260,-804,17796,9541,8255,11879,5290,6589,29675,14831,14844,19644,11700,7944,13487,7391,6096,33131,19091,14040,73663,7.6,8.7,14027,14027,13693
Hamburg,2015,2010,2177,-167,1738,2139,-401,3748,4316,-568,28326,17215,11111,16099,9226,6873,44425,26441,17984,30336,19392,10944,17837,11365,6472,48173,30757,17416,73291,7.4,8.5,15197,15197,14775
Hamburg,2016,3152,5747,-2595,2262,3967,-1705,5414,9714,-4300,30768,15838,14930,18256,8035,10221,49024,23873,25151,33920,21585,12335,20518,12002,8516,54438,33587,20851,70666,7.1,8.1,15663,15663,15326
Hamburg,2017,4044,3949,95,2634,2765,-131,6678,6714,-36,22436,12491,9945,14695,6136,8559,37131,18627,18504,26480,16440,10040,17329,8901,8428,43809,25341,18468,69248,6.8,7.7,16614,16614,16165
Hamburg,2018,4039,4347,-308,2521,2926,-405,6560,7273,-713,19967,15968,3999,12865,7022,5843,32832,22990,9842,24006,20315,3691,15386,9948,5438,39392,30263,9129,65589,6.3,7.2,17757,17757,17391
Hamburg,2019,4090,5630,-1540,2693,3818,-1125,6783,9448,-2665,19619,16607,3012,12946,8429,4517,32565,25036,7529,23709,22237,1472,15639,12247,3392,39348,34484,4864,64774,6.1,7.0,16067,16067,15868
Hamburg,2020,3962,4349,-387,2544,2909,-365,6506,7258,-752,15387,11300,4087,9514,5209,4305,24901,16509,8392,19349,15649,3700,12058,8118,3940,31407,23767,7640,80677,7.6,8.5,9985,9985,9920
Hamburg,2021,3333,4347,-1014,2062,3125,-1063,5395,7472,-2077,17535,11920,5615,11066,5349,5717,28601,17269,11332,20868,16267,4601,13128,8474,4654,33996,24741,9255,80395,7.5,8.3,11056,11056,10998
Hamburg,2022,3302,4154,-852,2047,3054,-1007,5349,7208,-1859,32786,11509,21277,31773,7100,24673,64559,18609,45950,36088,15663,20425,33820,10154,23666,69908,25817,44091,73800,6.8,7.6,12789,12789,12630
Hamburg,2023,3149,4058,-909,2029,2910,-881,5178,6968,-1790,28301,14471,13830,18781,8718,10063,47082,23189,23893,31450,18529,12921,20810,11628,9182,52260,30157,22103,80806,7.4,8.2,11336,11336,11170
Hamburg,2024,3028,4300,-1272,1842,3090,-1248,4870,7390,-2520,23339,14277,9062,16489,8147,8342,39828,22424,17404,26367,18577,7790,18331,11237,7094,44698,29814,14884,88471,8.0,8.8,13802,13802,13659
Hessen,2000,6667,5354,1313,4305,4307,-2,10972,9661,1311,37449,37048,401,25712,20160,5552,63161,57208,5953,44116,42402,1714,30017,24467,5550,74133,66869,7264,214928,7.3,8.1,34733,34733,33145
Hessen,2001,6897,5270,1627,4268,4415,-147,11165,9685,1480,38685,41844,-3159,27450,22984,4466,66135,64828,1307,45582,47114,-1532,31718,27399,4319,77300,74513,2787,200588,6.6,7.4,33111,33111,31184
Hessen,2002,6921,5668,1253,4303,4454,-151,11224,10122,1102,35594,34441,1153,26135,18725,7410,61729,53166,8563,42515,40109,2406,30438,23179,7259,72953,63288,9665,213667,7.0,7.8,26857,26857,24472
Hessen,2003,10782,14504,-3722,5432,7999,-2567,16214,22503,-6289,32514,32191,323,24021,17934,6087,56535,50125,6410,43296,46695,-3399,29453,25933,3520,72749,72628,121,242043,7.9,8.8,20616,20616,18535
Hessen,2004,30281,27713,2568,13151,12800,351,43432,40513,2919,34241,34079,162,23649,19600,4049,57890,53679,4211,64522,61792,2730,36800,32400,4400,101322,94192,7130,250923,8.2,9.1,16932,16932,14929
Hessen,2005,9116,15338,-6222,4574,8979,-4405,13690,24317,-10627,31316,30421,895,21836,16718,5118,53152,47139,6013,40432,45759,-5327,26410,25697,713,66842,71456,-4614,296731,9.7,10.9,22494,22494,19377
Hessen,2006,8730,15569,-6839,4317,9072,-4755,13047,24641,-11594,29767,34597,-4830,20670,19998,672,50437,54595,-4158,38497,50166,-11669,24987,29070,-4083,63484,79236,-15752,284201,9.2,10.4,27237,27237,23753
Hessen,2007,7900,13479,-5579,4345,9083,-4738,12245,22562,-10317,32214,30585,1629,22082,17314,4768,54296,47899,6397,40114,44064,-3950,26427,26397,30,66541,70461,-3920,234298,7.5,8.5,32273,32273,28906
Hessen,2008,5610,8085,-2475,3825,7000,-3175,9435,15085,-5650,32248,33868,-1620,21710,20616,1094,53958,54484,-526,37858,41953,-4095,25535,27616,-2081,63393,69569,-6176,203355,6.5,7.4,32671,32671,29854
Hessen,2009,6039,7409,-1370,4153,6066,-1913,10192,13475,-3283,33755,32221,1534,22264,18325,3939,56019,50546,5473,39794,39630,164,26417,24391,2026,66211,64021,2190,210015,6.8,7.6,24450,24450,22307
Hessen,2010,5809,6789,-980,4112,5573,-1461,9921,12362,-2441,41158,35089,6069,25960,19904,6056,67118,54993,12125,46967,41878,5089,30072,25477,4595,77039,67355,9684,197982,6.4,7.2,30685,30683,27985
Hessen,2011,5450,6271,-821,4286,5239,-953,9736,11510,-1774,51785,34374,17411,31726,17867,13859,83511,52241,31270,57235,40645,16590,36012,23106,12906,93247,63751,29496,182583,5.9,6.6,37964,37964,35354
Hessen,2012,5291,5806,-515,4091,4994,-903,9382,10800,-1418,55277,36371,18906,34600,18176,16424,89877,54547,35330,60568,42177,18391,38691,23170,15521,99259,65347,33912,178329,5.7,6.4,35542,35542,33471
Hessen,2013,5324,6202,-878,4155,5310,-1155,9479,11512,-2033,63125,39775,23350,38486,19663,18823,101611,59438,42173,68449,45977,22472,42641,24973,17668,111090,70950,40140,185612,5.8,6.6,32338,34164,32248
Hessen,2014,5682,6253,-571,4466,5476,-1010,10148,11729,-1581,75185,43681,31504,47323,21446,25877,122508,65127,57381,80867,49934,30933,51789,26922,24867,132656,76856,55800,184378,5.7,6.5,35734,35734,33901
Hessen,2015,5368,5824,-456,4423,5163,-740,9791,10987,-1196,111387,51623,59764,61805,26678,35127,173192,78301,94891,116755,57447,59308,66228,31841,34387,182983,89288,93695,177944,5.5,6.1,42549,42549,40768
Hessen,2016,6217,15210,-8993,4504,9058,-4554,10721,24268,-13547,104148,72073,32075,62016,33341,28675,166164,105414,60750,110365,87283,23082,66520,42399,24121,176885,129682,47203,172826,5.3,5.9,48688,48688,46854
Hessen,2017,7363,13606,-6243,4876,8213,-3337,12239,21819,-9580,74970,53063,21907,47279,24219,23060,122249,77282,44967,82333,66669,15664,52155,32432,19723,134488,99101,35387,166287,5.0,5.6,52282,52282,50593
Hessen,2018,10326,14354,-4028,6389,8754,-2365,16715,23108,-6393,78864,59488,19376,47724,27468,20256,126588,86956,39632,89190,73842,15348,54113,36222,17891,143303,110064,33239,154337,4.6,5.1,55691,55691,54468
Hessen,2019,11057,13475,-2418,6416,8405,-1989,17473,21880,-4407,77836,60091,17745,46694,28206,18488,124530,88297,36233,88893,73566,15327,53110,36611,16499,142003,110177,31826,149812,4.4,4.9,54618,54618,53625
Hessen,2020,9286,10482,-1196,5605,6346,-741,14891,16828,-1937,56988,44695,12293,33455,20576,12879,90443,65271,25172,66274,55177,11097,39060,26922,12138,105334,82099,23235,184955,5.4,6.0,41943,41943,41269
Hessen,2021,8866,12215,-3349,5398,8089,-2691,14264,20304,-6040,61408,48855,12553,38606,23277,15329,100014,72132,27882,70274,61070,9204,44004,31366,12638,114278,92436,21842,178086,5.2,5.7,45798,45798,45006
Hessen,2022,8660,12607,-3947,5455,8489,-3034,14115,21096,-6981,107272,49840,57432,101056,31627,69429,208328,81467,126861,115932,62447,53485,106511,40116,66395,222443,102563,119880,164492,4.8,5.2,53282,53282,52136
Hessen,2023,9114,13601,-4487,5528,9035,-3507,14642,22636,-7994,89218,54134,35084,58329,32174,26155,147547,86308,61239,98332,67735,30597,63857,41209,22648,162189,108944,53245,181344,5.2,5.7,48520,48520,47550
Hessen,2024,8951,12563,-3612,5351,8443,-3092,14302,21006,-6704,75822,54521,21301,51229,30124,21105,127051,84645,42406,84773,67084,17689,56580,38567,18013,141353,105651,35702,194912,5.5,6.1,47992,47992,47169
Mecklenburg-Vorpommern,2000,317,379,-62,274,320,-46,591,699,-108,4135,2440,1695,2264,1058,1206,6399,3498,2901,4452,2819,1633,2538,1378,1160,6990,4197,2793,163039,17.8,19.0,5271,5271,5130
Mecklenburg-Vorpommern,2001,327,477,-150,266,435,-169,593,912,-319,4063,2316,1747,2318,1025,1293,6381,3341,3040,4390,2793,1597,2584,1460,1124,6974,4253,2721,167977,18.3,19.6,6023,6023,5822
Mecklenburg-Vorpommern,2002,365,453,-88,259,381,-122,624,834,-210,4021,2573,1448,2552,1252,1300,6573,3825,2748,4386,3026,1360,2811,1633,1178,7197,4659,2538,169794,18.6,20.0,6172,6172,5971
Mecklenburg-Vorpommern,2003,374,452,-78,278,445,-167,652,897,-245,3409,2304,1105,2295,1051,1244,5704,3355,2349,3783,2756,1027,2573,1496,1077,6356,4252,2104,181684,20.1,21.7,5189,5189,4975
Mecklenburg-Vorpommern,2004,382,517,-135,295,436,-141,677,953,-276,3160,3460,-300,2091,1248,843,5251,4708,543,3542,3977,-435,2386,1684,702,5928,5661,267,182632,20.4,22.1,4039,4039,3792
Mecklenburg-Vorpommern,2005,427,577,-150,299,506,-207,726,1083,-357,3010,2697,313,1833,1158,675,4843,3855,988,3437,3274,163,2132,1664,468,5569,4938,631,180361,20.3,22.1,5117,5117,4741
Mecklenburg-Vorpommern,2006,444,701,-257,315,632,-317,759,1333,-574,2876,2202,674,1689,911,778,4565,3113,1452,3320,2903,417,2004,1543,461,5324,4446,878,167908,19.0,20.8,6330,6330,5894
Mecklenburg-Vorpommern,2007,463,832,-369,365,687,-322,828,1519,-691,3352,2557,795,1707,932,775,5059,3489,1570,3815,3389,426,2072,1619,453,5887,5008,879,145692,16.5,18.1,7808,7808,7389
Mecklenburg-Vorpommern,2008,495,1117,-622,428,942,-514,923,2059,-1136,3671,3129,542,1698,1144,554,5369,4273,1096,4166,4246,-80,2126,2086,40,6292,6332,-40,124033,14.1,15.5,6366,6366,6040
Mecklenburg-Vorpommern,2009,629,1018,-389,433,894,-461,1062,1912,-850,3234,3323,-89,1672,1607,65,4906,4930,-24,3863,4341,-478,2105,2501,-396,5968,6842,-874,117961,13.5,14.9,5816,5816,5418
Mecklenburg-Vorpommern,2010,622,823,-201,474,684,-210,1096,1507,-411,3379,2480,899,2205,1325,880,5584,3805,1779,4001,3303,698,2679,2009,670,6680,5312,1368,109865,12.7,14.0,6572,6572,6141
Mecklenburg-Vorpommern,2011,648,869,-221,471,681,-210,1119,1550,-431,4244,2571,1673,2766,1352,1414,7010,3923,3087,4892,3440,1452,3237,2033,1204,8129,5473,2656,107543,12.5,13.8,8104,8104,7719
Mecklenburg-Vorpommern,2012,701,791,-90,492,642,-150,1193,1433,-240,5199,3065,2134,3365,1511,1854,8564,4576,3988,5900,3856,2044,3857,2153,1704,9757,6009,3748,101893,12.0,13.2,9063,9063,8686
Mecklenburg-Vorpommern,2013,668,817,-149,545,698,-153,1213,1515,-302,6702,3382,3320,4267,1993,2274,10969,5375,5594,7370,4199,3171,4812,2691,2121,12182,6890,5292,98952,11.7,12.9,9292,9524,9076
Mecklenburg-Vorpommern,2014,740,879,-139,546,690,-144,1286,1569,-283,9038,4031,5007,5583,2159,3424,14621,6190,8431,9778,4910,4868,6129,2849,3280,15907,7759,8148,93067,11.2,12.2,10056,10056,9570
Mecklenburg-Vorpommern,2015,683,762,-79,530,629,-99,1213,1391,-178,20405,6091,14314,9768,3453,6315,30173,9544,20629,21088,6853,14235,10298,4082,6216,31386,10935,20451,86095,10.4,11.3,11438,11438,10792
Mecklenburg-Vorpommern,2016,1089,2673,-1584,667,1217,-550,1756,3890,-2134,13938,7259,6679,8445,3334,5111,22383,10593,11790,15027,9932,5095,9112,4551,4561,24139,14483,9656,80389,9.7,10.6,12974,12974,12306
Mecklenburg-Vorpommern,2017,1257,2325,-1068,750,1050,-300,2007,3375,-1368,9557,6576,2981,6087,3210,2877,15644,9786,5858,10814,8901,1913,6837,4260,2577,17651,13161,4490,70982,8.6,9.4,14590,14590,13932
Mecklenburg-Vorpommern,2018,2003,2469,-466,981,1156,-175,2984,3625,-641,9545,6609,2936,5666,3212,2454,15211,9821,5390,11548,9078,2470,6647,4368,2279,18195,13446,4749,64993,7.9,8.6,16013,16013,15404
Mecklenburg-Vorpommern,2019,2178,2635,-457,1039,1150,-111,3217,3785,-568,9740,7154,2586,5535,3324,2211,15275,10478,4797,11918,9789,2129,6574,4474,2100,18492,14263,4229,58485,7.1,7.7,17557,17557,16934
Mecklenburg-Vorpommern,2020,1968,2053,-85,1032,914,118,3000,2967,33,7791,5935,1856,4373,2294,2079,12164,8229,3935,9759,7988,1771,5405,3208,2197,15164,11196,3968,63850,7.8,8.4,15814,15814,15343
Mecklenburg-Vorpommern,2021,1698,1947,-249,856,1023,-167,2554,2970,-416,8546,4865,3681,4984,2334,2650,13530,7199,6331,10244,6812,3432,5840,3357,2483,16084,10169,5915,62410,7.6,8.3,17324,17324,16873
Mecklenburg-Vorpommern,2022,1802,2415,-613,895,1170,-275,2697,3585,-888,18516,6222,12294,19804,4321,15483,38320,10543,27777,20318,8637,11681,20699,5491,15208,41017,14128,26889,59571,7.3,7.9,19888,19888,19370
Mecklenburg-Vorpommern,2023,1880,2297,-417,944,1189,-245,2824,3486,-662,14472,6876,7596,9541,4842,4699,24013,11718,12295,16352,9173,7179,10485,6031,4454,26837,15204,11633,63191,7.7,8.4,18162,18162,17758
Mecklenburg-Vorpommern,2024,1937,2418,-481,931,1229,-298,2868,3647,-779,11788,7274,4514,7918,4394,3524,19706,11668,8038,13725,9692,4033,8849,5623,3226,22574,15315,7259,64944,7.9,8.6,16310,16310,15964
Niedersachsen,2000,42039,7491,34548,44071,7457,36614,86110,14948,71162,34446,26690,7756,25523,14501,11022,59969,41191,18778,76485,34181,42304,69594,21958,47636,146079,56139,89940,350932,9.3,10.3,41491,41491,38194
Niedersachsen,2001,45416,5386,40030,47820,4902,42918,93236,10288,82948,37904,23742,14162,27106,12364,14742,65010,36106,28904,83320,29128,54192,74926,17266,57660,158246,46394,111852,350249,9.1,10.0,35012,35012,31636
Niedersachsen,2002,41343,6241,35102,43822,6239,37583,85165,12480,72685,37964,25650,12314,27017,12788,14229,64981,38438,26543,79307,31891,47416,70839,19027,51812,150146,50918,99228,361839,9.2,10.2,34440,34440,30791
Niedersachsen,2003,33187,5046,28141,35401,5166,30235,68588,10212,58376,36463,27573,8890,26151,14892,11259,62614,42465,20149,69650,32619,37031,61552,20058,41494,131202,52677,78525,379736,9.6,10.7,25012,25012,21741
Niedersachsen,2004,27648,4821,22827,29227,4487,24740,56875,9308,47567,36542,30885,5657,26371,17072,9299,62913,47957,14956,64190,35706,28484,55598,21559,34039,119788,57265,62523,376657,9.6,10.6,17034,17034,14289
Niedersachsen,2005,18066,5094,12972,19159,4618,14541,37225,9712,27513,35094,29404,5690,23574,16260,7314,58668,45664,13004,53160,34498,18662,42733,20878,21855,95893,55376,40517,457109,11.6,13.0,18816,18816,15525
Niedersachsen,2006,6833,5119,1714,6760,4434,2326,13593,9553,4040,34230,29648,4582,21663,17136,4527,55893,46784,9109,41063,34767,6296,28423,21570,6853,69486,56337,13149,417847,10.5,11.8,28373,28373,24672
Niedersachsen,2007,6228,5635,593,6205,4842,1363,12433,10477,1956,36066,31844,4222,22255,16706,5549,58321,48550,9771,42294,37479,4815,28460,21548,6912,70754,59027,11727,350932,8.8,9.8,33827,33827,29902
Niedersachsen,2008,5902,7184,-1282,5680,5954,-274,11582,13138,-1556,35404,34926,478,22078,20050,2028,57482,54976,2506,41306,42110,-804,27758,26004,1754,69064,68114,950,303269,7.6,8.5,34060,34060,30864
Niedersachsen,2009,5808,5843,-35,5225,5242,-17,11033,11085,-52,38674,35277,3397,24218,19920,4298,62892,55197,7695,44482,41120,3362,29443,25162,4281,73925,66282,7643,307226,7.7,8.6,28859,28859,25615
Niedersachsen,2010,5264,5138,126,4651,4562,89,9915,9700,215,40764,32975,7789,26104,19650,6454,66868,52625,14243,46028,38113,7915,30755,24212,6543,76783,62325,14458,298652,7.5,8.3,35095,35095,31115
Niedersachsen,2011,5441,5250,191,4728,4715,13,10169,9965,204,48962,35815,13147,32376,22057,10319,81338,57872,23466,54403,41065,13338,37104,26772,10332,91507,67837,23670,274707,6.9,7.6,45695,45695,41459
Niedersachsen,2012,5199,4723,476,4493,4330,163,9692,9053,639,54316,39036,15280,34993,23392,11601,89309,62428,26881,59515,43759,15756,39486,27722,11764,99001,71481,27520,264543,6.6,7.3,47347,47347,43695
Niedersachsen,2013,5528,4861,667,4888,4459,429,10416,9320,1096,60520,41863,18657,39985,24803,15182,100505,66666,33839,66048,46724,19324,44873,29262,15611,110921,75986,34935,269207,6.6,7.3,43836,45699,42540
Niedersachsen,2014,6612,4910,1702,6401,4739,1662,13013,9649,3364,76781,48404,28377,49387,27085,22302,126168,75489,50679,83393,53314,30079,55788,31824,23964,139181,85138,54043,267624,6.5,7.2,48325,48325,44974
Niedersachsen,2015,6746,4716,2030,6496,4392,2104,13242,9108,4134,124341,50567,73774,69067,27376,41691,193408,77943,115465,131087,55283,75804,75563,31768,43795,206650,87051,119599,256434,6.1,6.8,55325,55325,52075
Niedersachsen,2016,8798,16379,-7581,7227,8806,-1579,16025,25185,-9160,98045,74716,23329,61131,37120,24011,159176,111836,47340,106843,91095,15748,68358,45926,22432,175201,137021,38180,252574,6.0,6.6,62703,62703,59520
Niedersachsen,2017,10447,14013,-3566,8075,7798,277,18522,21811,-3289,77726,56952,20774,49653,28533,21120,127379,85485,41894,88173,70965,17208,57728,36331,21397,145901,107296,38605,244260,5.8,6.3,68435,68435,65465
Niedersachsen,2018,14089,14195,-106,9685,8004,1681,23774,22199,1575,80370,57879,22491,50228,29285,20943,130598,87164,43434,94459,72074,22385,59913,37289,22624,154372,109363,45009,227834,5.3,5.8,77015,77015,74028
Niedersachsen,2019,14731,14767,-36,9779,8456,1323,24510,23223,1287,78101,60538,17563,48538,29172,19366,126639,89710,36929,92832,75305,17527,58317,37628,20689,151149,112933,38216,218123,5.0,5.5,75101,75101,72398
Niedersachsen,2020,11952,11218,734,7784,6301,1483,19736,17519,2217,58137,46427,11710,35403,22181,13222,93540,68608,24932,70089,57645,12444,43187,28482,14705,113276,86127,27149,251377,5.8,6.3,62346,62346,60296
Niedersachsen,2021,12695,11908,787,8784,7206,1578,21479,19114,2365,64307,44569,19738,42291,22504,19787,106598,67073,39525,77002,56477,20525,51075,29710,21365,128077,86187,41890,243021,5.5,6.0,77484,77484,75157
Niedersachsen,2022,12537,13651,-1114,8988,8758,230,21525,22409,-884,118279,52817,65462,120947,36717,84230,239226,89534,149692,130816,66468,64348,129935,45475,84460,260751,111943,148808,230553,5.3,5.7,87635,87635,85090
Niedersachsen,2023,13219,13373,-154,9315,8295,1020,22534,21668,866,95118,58431,36687,62378,37511,24867,157496,95942,61554,108337,71804,36533,71693,45806,25887,180030,117610,62420,251873,5.7,6.2,77245,77245,75375
Niedersachsen,2024,12224,13839,-1615,7819,8660,-841,20043,22499,-2456,78908,59417,19491,51523,34904,16619,130431,94321,36110,91132,73256,17876,59342,43564,15778,150474,116820,33654,263090,5.9,6.4,69296,69296,67786
Nordrhein-Westfalen,2000,11295,10593,702,8788,8373,415,20083,18966,1117,69172,72605,-3433,50210,40735,9475,119382,113340,6042,80467,83198,-2731,58998,49108,9890,139465,132306,7159,777746,9.2,10.1,98518,98518,92075
Nordrhein-Westfalen,2001,11531,11112,419,9257,9312,-55,20788,20424,364,74829,60218,14611,53353,31814,21539,128182,92032,36150,86360,71330,15030,62610,41126,21484,148970,112456,36514,766351,8.8,9.6,95927,95927,89472
Nordrhein-Westfalen,2002,11666,11064,602,9403,9350,53,21069,20414,655,72586,62718,9868,52496,33843,18653,125082,96561,28521,84252,73782,10470,61899,43193,18706,146151,116975,29176,812464,9.2,10.1,78304,78304,71954
Nordrhein-Westfalen,2003,10552,10950,-398,8510,9391,-881,19062,20341,-1279,67725,64040,3685,48005,33798,14207,115730,97838,17892,78277,74990,3287,56515,43189,13326,134792,118179,16613,879964,10.0,10.9,51511,51511,46295
Nordrhein-Westfalen,2004,10283,11950,-1667,8011,10123,-2112,18294,22073,-3779,68717,68263,454,47517,37845,9672,116234,106108,10126,79000,80213,-1213,55528,47968,7560,134528,128181,6347,898807,10.2,11.2,40941,40941,35516
Nordrhein-Westfalen,2005,10043,12884,-2841,7792,11081,-3289,17835,23965,-6130,67739,66796,943,46397,35696,10701,114136,102492,11644,77782,79680,-1898,54189,46777,7412,131971,126457,5514,1057649,12.0,13.2,51063,51063,42828
Nordrhein-Westfalen,2006,9554,13847,-4293,7566,11869,-4303,17120,25716,-8596,68395,61131,7264,43358,32360,10998,111753,93491,18262,77949,74978,2971,50924,44229,6695,128873,119207,9666,1012773,11.4,12.6,69463,69462,61502
Nordrhein-Westfalen,2007,10258,15624,-5366,8087,13163,-5076,18345,28787,-10442,71819,63576,8243,45289,33044,12245,117108,96620,20488,82077,79200,2877,53376,46207,7169,135453,125407,10046,851822,9.5,10.5,84804,84804,77830
Nordrhein-Westfalen,2008,10632,17021,-6389,8567,14955,-6388,19199,31976,-12777,72738,76262,-3524,45354,41800,3554,118092,118062,30,83370,93283,-9913,53921,56755,-2834,137291,150038,-12747,757238,8.5,9.3,80396,80395,74691
Nordrhein-Westfalen,2009,11160,14742,-3582,8983,13568,-4585,20143,28310,-8167,75828,77149,-1321,49685,44088,5597,125513,121237,4276,86988,91891,-4903,58668,57656,1012,145656,149547,-3891,800404,8.9,9.9,61847,61847,56295
Nordrhein-Westfalen,2010,11938,13956,-2018,9397,12530,-3133,21335,26486,-5151,85543,69787,15756,55930,39086,16844,141473,108873,32600,97481,83743,13738,65327,51616,13711,162808,135359,27449,779582,8.7,9.6,73643,73652,66570
Nordrhein-Westfalen,2011,12076,13500,-1424,9723,12166,-2443,21799,25666,-3867,102644,72005,30639,64268,38465,25803,166912,110470,56442,114720,85505,29215,73991,50631,23360,188711,136136,52575,728797,8.1,8.9,97156,97165,89762
Nordrhein-Westfalen,2012,11955,12549,-594,9828,11496,-1668,21783,24045,-2262,113178,74540,38638,72462,39586,32876,185640,114126,71514,125133,87089,38044,82290,51082,31208,207423,138171,69252,733307,8.1,8.9,98028,98028,91835
Nordrhein-Westfalen,2013,12465,13348,-883,10193,12297,-2104,22658,25645,-2987,131738,87180,44558,86169,46476,39693,217907,133656,84251,144203,100528,43675,96362,58773,37589,240565,159301,81264,762784,8.3,9.2,86416,92010,85598
Nordrhein-Westfalen,2014,12244,13582,-1338,10062,12526,-2464,22306,26108,-3802,162146,100396,61750,105427,55535,49892,267573,155931,111642,174390,113978,60412,115489,68061,47428,289879,182039,107840,763213,8.2,9.1,99525,99525,91942
Nordrhein-Westfalen,2015,11952,13000,-1048,9900,12089,-2189,21852,25089,-3237,301994,123084,178910,161201,62939,98262,463195,186023,277172,313946,136084,177862,171101,75028,96073,485047,211112,273935,744228,8.0,8.8,116396,116396,108752
Nordrhein-Westfalen,2016,16301,41851,-25550,11923,24058,-12135,28224,65909,-37685,210192,166426,43766,131250,80952,50298,341442,247378,94064,226493,208277,18216,143173,105010,38163,369666,313287,56379,725653,7.7,8.5,134939,134939,127666
Nordrhein-Westfalen,2017,19554,37099,-17545,12985,21774,-8789,32539,58873,-26334,168138,122522,45616,108573,60977,47596,276711,183499,93212,187692,159621,28071,121558,82751,38807,309250,242372,66878,701219,7.4,8.1,154990,154990,148486
Nordrhein-Westfalen,2018,22728,38053,-15325,14144,22172,-8028,36872,60225,-23353,163125,121986,41139,106235,61173,45062,269360,183159,86201,185853,160039,25814,120379,83345,37034,306232,243384,62848,650768,6.8,7.4,169997,169997,164106
Nordrhein-Westfalen,2019,25891,38673,-12782,15391,22675,-7284,41282,61348,-20066,155413,121055,34358,100835,62213,38622,256248,183268,72980,181304,159728,21576,116226,84888,31338,297530,244616,52914,635486,6.5,7.2,163012,163012,157535
Nordrhein-Westfalen,2020,25784,32882,-7098,15193,19311,-4118,40977,52193,-11216,113437,95775,17662,72902,49902,23000,186339,145677,40662,139221,128657,10564,88095,69213,18882,227316,197870,29446,733740,7.5,8.2,128660,128660,125330
Nordrhein-Westfalen,2021,25343,34684,-9341,14768,22404,-7636,40111,57088,-16977,130839,96592,34247,86924,50534,36390,217763,147126,70637,156182,131276,24906,101692,72938,28754,257874,204214,53660,718220,7.3,8.0,143458,143458,140117
Nordrhein-Westfalen,2022,25182,37220,-12038,14910,24339,-9429,40092,61559,-21467,247665,108097,139568,241696,72169,169527,489361,180266,309095,272847,145317,127530,256606,96508,160098,529453,241825,287628,668502,6.8,7.4,169110,169110,164973
Nordrhein-Westfalen,2023,26441,35753,-9312,15663,22586,-6923,42104,58339,-16235,202361,117742,84619,133895,75467,58428,336256,193209,143047,228802,153495,75307,149558,98053,51505,378360,251548,126812,710175,7.2,7.8,148627,148627,144564
Nordrhein-Westfalen,2024,26828,37681,-10853,15377,23995,-8618,42205,61676,-19471,177593,121574,56019,124691,72393,52298,302284,193967,108317,204421,159255,45166,140068,96388,43680,344489,255643,88846,749712,7.5,8.1,136188,136188,133077
Rheinland-Pfalz,2000,6653,7812,-1159,3442,4223,-781,10095,12035,-1940,17756,19383,-1627,11806,9896,1910,29562,29279,283,24409,27195,-2786,15248,14119,1129,39657,41314,-1657,138370,7.3,8.1,23290,23290,21822
Rheinland-Pfalz,2001,6834,7729,-895,3402,4161,-759,10236,11890,-1654,19074,14964,4110,12716,7080,5636,31790,22044,9746,25908,22693,3215,16118,11241,4877,42026,33934,8092,134841,6.8,7.6,23267,23267,21585
Rheinland-Pfalz,2002,7094,9078,-1984,3394,5251,-1857,10488,14329,-3841,16878,14133,2745,12202,6970,5232,29080,21103,7977,23972,23211,761,15596,12221,3375,39568,35432,4136,143708,7.2,8.0,20160,20160,18449
Rheinland-Pfalz,2003,6007,7622,-1615,3352,4205,-853,9359,11827,-2468,13853,12874,979,10632,6853,3779,24485,19727,4758,19860,20496,-636,13984,11058,2926,33844,31554,2290,154674,7.7,8.5,14992,14992,13075
Rheinland-Pfalz,2004,4779,4865,-86,2713,3434,-721,7492,8299,-807,13062,12492,570,9836,7259,2577,22898,19751,3147,17841,17357,484,12549,10693,1856,30390,28050,2340,155415,7.7,8.6,11063,11063,9403
Rheinland-Pfalz,2005,4469,8373,-3904,2578,4928,-2350,7047,13301,-6254,13760,12265,1495,10521,6905,3616,24281,19170,5111,18229,20638,-2409,13099,11833,1266,31328,32471,-1143,178511,8.8,9.9,10889,10889,8901
Rheinland-Pfalz,2006,4305,8477,-4172,2536,5315,-2779,6841,13792,-6951,14990,12410,2580,10166,6799,3367,25156,19209,5947,19295,20887,-1592,12702,12114,588,31997,33001,-1004,162927,8.0,9.0,11993,11993,10160
Rheinland-Pfalz,2007,3468,4579,-1111,2512,3730,-1218,5980,8309,-2329,14808,12793,2015,10358,6959,3399,25166,19752,5414,18276,17372,904,12870,10689,2181,31146,28061,3085,133401,6.5,7.3,14139,14139,12586
Rheinland-Pfalz,2008,3941,5708,-1767,2741,4291,-1550,6682,9999,-3317,14687,14948,-261,10067,8988,1079,24754,23936,818,18628,20656,-2028,12808,13279,-471,31436,33935,-2499,116094,5.6,6.3,15726,15726,13902
Rheinland-Pfalz,2009,4559,5670,-1111,2872,4072,-1200,7431,9742,-2311,14273,13435,838,10189,8125,2064,24462,21560,2902,18832,19105,-273,13061,12197,864,31893,31302,591,127231,6.1,6.8,13307,13307,11122
Rheinland-Pfalz,2010,3159,4138,-979,2588,3424,-836,5747,7562,-1815,16019,12418,3601,11205,7306,3899,27224,19724,7500,19178,16556,2622,13793,10730,3063,32971,27286,5685,119953,5.7,6.4,16944,16944,14306
Rheinland-Pfalz,2011,2937,3492,-555,2600,3296,-696,5537,6788,-1251,20584,13498,7086,13561,7617,5944,34145,21115,13030,23521,16990,6531,16161,10913,5248,39682,27903,11779,111074,5.3,5.9,20988,20988,18944
Rheinland-Pfalz,2012,2891,3431,-540,2496,3147,-651,5387,6578,-1191,23909,14526,9383,15571,8058,7513,39480,22584,16896,26800,17957,8843,18067,11205,6862,44867,29162,15705,111083,5.3,5.9,21513,21513,19712
Rheinland-Pfalz,2013,2985,3361,-376,2490,3143,-653,5475,6504,-1029,27787,16221,11566,18394,8839,9555,46181,25060,21121,30772,19582,11190,20884,11982,8902,51656,31564,20092,116360,5.5,6.1,20154,21221,19448
Rheinland-Pfalz,2014,3060,3437,-377,2622,3217,-595,5682,6654,-972,36326,20326,16000,23130,10713,12417,59456,31039,28417,39386,23763,15623,25752,13930,11822,65138,37693,27445,115741,5.4,6.0,23602,23602,21939
Rheinland-Pfalz,2015,2909,3426,-517,2445,3232,-787,5354,6658,-1304,58471,24374,34097,33451,12613,20838,91922,36987,54935,61380,27800,33580,35896,15845,20051,97276,43645,53631,112882,5.2,5.8,27760,27760,26022
Rheinland-Pfalz,2016,4066,9825,-5759,3004,5894,-2890,7070,15719,-8649,48380,32586,15794,30198,16433,13765,78578,49019,29559,52446,42411,10035,33202,22327,10875,85648,64738,20910,111436,5.1,5.6,32997,32997,30934
Rheinland-Pfalz,2017,4745,8777,-4032,3315,5233,-1918,8060,14010,-5950,37953,26447,11506,23701,13072,10629,61654,39519,22135,42698,35224,7474,27016,18305,8711,69714,53529,16185,106299,4.8,5.3,37936,37936,36207
Rheinland-Pfalz,2018,7801,9008,-1207,4776,5488,-712,12577,14496,-1919,40291,28344,11947,24269,13499,10770,64560,41843,22717,48092,37352,10740,29045,18987,10058,77137,56339,20798,98764,4.4,4.9,40467,40467,39095
Rheinland-Pfalz,2019,8027,8978,-951,4580,5485,-905,12607,14463,-1856,40023,30127,9896,24037,14152,9885,64060,44279,19781,48050,39105,8945,28617,19637,8980,76667,58742,17925,97717,4.3,4.8,39492,39492,38315
Rheinland-Pfalz,2020,6465,7070,-605,3959,4414,-455,10424,11484,-1060,31210,22953,8257,18918,10943,7975,50128,33896,16232,37675,30023,7652,22877,15357,7520,60552,45380,15172,117912,5.2,5.7,30971,30971,30099
Rheinland-Pfalz,2021,6068,7722,-1654,3598,4890,-1292,9666,12612,-2946,33297,22998,10299,21389,10856,10533,54686,33854,20832,39365,30720,8645,24987,15746,9241,64352,46466,17886,112137,5.0,5.4,37337,37337,36408
Rheinland-Pfalz,2022,6114,8494,-2380,3697,5523,-1826,9811,14017,-4206,60321,27055,33266,56312,18164,38148,116633,45219,71414,66435,35549,30886,60009,23687,36322,126444,59236,67208,102515,4.6,5.0,45781,45781,44625
Rheinland-Pfalz,2023,6104,7999,-1895,3813,5110,-1297,9917,13109,-3192,50631,28968,21663,29880,17560,12320,80511,46528,33983,56735,36967,19768,33693,22670,11023,90428,59637,30791,110716,4.9,5.3,41871,41871,41011
Rheinland-Pfalz,2024,6261,8384,-2123,3752,5545,-1793,10013,13929,-3916,44811,31542,13269,28531,16856,11675,73342,48398,24944,51072,39926,11146,32283,22401,9882,83355,62327,21028,120552,5.3,5.7,36985,36985,36281
Saarland,2000,951,910,41,761,742,19,1712,1652,60,3382,2495,887,2590,1544,1046,5972,4039,1933,4333,3405,928,3351,2286,1065,7684,5691,1993,47778,9.8,10.8,5352,5352,4762
Saarland,2001,950,1027,-77,728,752,-24,1678,1779,-101,3462,1918,1544,2650,1188,1462,6112,3106,3006,4412,2945,1467,3378,1940,1438,7790,4885,2905,44918,9.0,9.8,6383,6383,5818
Saarland,2002,972,999,-27,795,815,-20,1767,1814,-47,3254,1796,1458,2676,1179,1497,5930,2975,2955,4226,2795,1431,3471,1994,1477,7697,4789,2908,45431,9.1,9.9,6029,6029,5323
Saarland,2003,849,988,-139,736,827,-91,1585,1815,-230,3136,2297,839,2419,1382,1037,5555,3679,1876,3985,3285,700,3155,2209,946,7140,5494,1646,47728,9.5,10.4,4655,4655,4044
Saarland,2004,938,1054,-116,662,813,-151,1600,1867,-267,3191,3578,-387,2268,2278,-10,5459,5856,-397,4129,4632,-503,2930,3091,-161,7059,7723,-664,45990,9.2,10.0,2755,2755,2289
Saarland,2005,890,1073,-183,705,867,-162,1595,1940,-345,2885,3230,-345,2322,1836,486,5207,5066,141,3775,4303,-528,3027,2703,324,6802,7006,-204,53533,10.7,11.7,2782,2782,2124
Saarland,2006,905,1166,-261,689,869,-180,1594,2035,-441,2743,2570,173,2241,1675,566,4984,4245,739,3648,3736,-88,2930,2544,386,6578,6280,298,49681,9.9,10.8,2931,2931,2409
Saarland,2007,935,1250,-315,708,948,-240,1643,2198,-555,2965,2649,316,2341,1764,577,5306,4413,893,3900,3899,1,3049,2712,337,6949,6611,338,42487,8.4,9.2,3507,3507,2760
Saarland,2008,903,1401,-498,729,1123,-394,1632,2524,-892,3195,2278,917,2391,1562,829,5586,3840,1746,4098,3679,419,3120,2685,435,7218,6364,854,36943,7.3,8.0,3988,3988,3374
Saarland,2009,942,1217,-275,695,1106,-411,1637,2323,-686,3542,3113,429,2566,1974,592,6108,5087,1021,4484,4330,154,3261,3080,181,7745,7410,335,38998,7.7,8.4,2999,2999,2321
Saarland,2010,915,1054,-139,732,847,-115,1647,1901,-254,3645,2492,1153,2724,1623,1101,6369,4115,2254,4560,3546,1014,3456,2470,986,8016,6016,2000,37834,7.5,8.2,4256,4256,3246
Saarland,2011,989,1050,-61,803,953,-150,1792,2003,-211,4257,2409,1848,3063,1660,1403,7320,4069,3251,5246,3459,1787,3866,2613,1253,9112,6072,3040,34491,6.8,7.4,6057,6057,4832
Saarland,2012,950,1004,-54,737,850,-113,1687,1854,-167,5095,2889,2206,3583,1964,1619,8678,4853,3825,6045,3893,2152,4320,2814,1506,10365,6707,3658,34282,6.7,7.3,6121,6121,5371
Saarland,2013,995,1001,-6,824,886,-62,1819,1887,-68,5925,3417,2508,4017,2133,1884,9942,5550,4392,6920,4418,2502,4841,3019,1822,11761,7437,4324,37383,7.3,7.9,5854,6077,5260
Saarland,2014,952,1089,-137,813,962,-149,1765,2051,-286,7760,4482,3278,5036,3105,1931,12796,7587,5209,8712,5571,3141,5849,4067,1782,14561,9638,4923,36911,7.2,7.8,5734,5734,4940
Saarland,2015,976,928,48,835,819,16,1811,1747,64,13857,3921,9936,7871,2694,5177,21728,6615,15113,14833,4849,9984,8706,3513,5193,23539,8362,15177,36895,7.2,7.7,6443,6443,5647
Saarland,2016,1306,2334,-1028,895,1413,-518,2201,3747,-1546,10723,4767,5956,7943,2786,5157,18666,7553,11113,12029,7101,4928,8838,4199,4639,20867,11300,9567,37103,7.2,7.7,7182,7182,6326
Saarland,2017,1532,2272,-740,1027,1485,-458,2559,3757,-1198,7266,4549,2717,6186,2847,3339,13452,7396,6056,8798,6821,1977,7213,4332,2881,16011,11153,4858,34672,6.7,7.2,8145,8145,7469
Saarland,2018,2001,2280,-279,1233,1444,-211,3234,3724,-490,6960,4899,2061,5298,2902,2396,12258,7801,4457,8961,7179,1782,6531,4346,2185,15492,11525,3967,32233,6.1,6.6,9513,9513,8867
Saarland,2019,2074,2345,-271,1241,1458,-217,3315,3803,-488,6744,4921,1823,5065,3043,2022,11809,7964,3845,8818,7266,1552,6306,4501,1805,15124,11767,3357,32854,6.2,6.7,9093,9093,8506
Saarland,2020,1706,1941,-235,1083,1371,-288,2789,3312,-523,5254,3386,1868,4270,2350,1920,9524,5736,3788,6960,5327,1633,5353,3721,1632,12313,9048,3265,38364,7.2,7.8,7586,7586,7178
Saarland,2021,1594,2004,-410,1024,1292,-268,2618,3296,-678,5950,3287,2663,4820,2332,2488,10770,5619,5151,7544,5291,2253,5844,3624,2220,13388,8915,4473,36156,6.8,7.4,9272,9272,8721
Saarland,2022,1693,2221,-528,1055,1505,-450,2748,3726,-978,13313,4589,8724,14030,3819,10211,27343,8408,18935,15006,6810,8196,15085,5324,9761,30091,12134,17957,33017,6.3,6.8,12104,12104,11376
Saarland,2023,1735,2186,-451,1070,1469,-399,2805,3655,-850,10884,5056,5828,8401,4208,4193,19285,9264,10021,12619,7242,5377,9471,5677,3794,22090,12919,9171,35598,6.8,7.3,10929,10929,10486
Saarland,2024,1734,2219,-485,1108,1497,-389,2842,3716,-874,8627,5281,3346,6775,3779,2996,15402,9060,6342,10361,7500,2861,7883,5276,2607,18244,12776,5468,37241,7.0,7.6,8827,8827,8533
Sachsen,2000,1365,1228,137,750,816,-66,2115,2044,71,12392,11197,1195,6053,3323,2730,18445,14520,3925,13757,12425,1332,6803,4139,2664,20560,16564,3996,387868,17.0,18.5,15169,15169,14537
Sachsen,2001,1057,1309,-252,703,993,-290,1760,2302,-542,12323,9057,3266,6445,2948,3497,18768,12005,6763,13380,10366,3014,7148,3941,3207,20528,14307,6221,399420,17.5,19.0,16364,16364,15635
Sachsen,2002,1022,1221,-199,672,1065,-393,1694,2286,-592,12105,8327,3778,6671,2958,3713,18776,11285,7491,13127,9548,3579,7343,4023,3320,20470,13571,6899,405349,17.8,19.3,16958,16958,16065
Sachsen,2003,1079,1316,-237,734,1243,-509,1813,2559,-746,11380,8730,2650,6193,3469,2724,17573,12199,5374,12459,10046,2413,6927,4712,2215,19386,14758,4628,403480,17.9,19.4,12735,12735,11841
Sachsen,2004,1096,1731,-635,771,1452,-681,1867,3183,-1316,10639,11663,-1024,5985,3920,2065,16624,15583,1041,11735,13394,-1659,6756,5372,1384,18491,18766,-275,396328,17.8,19.4,8065,8065,7192
Sachsen,2005,1163,1833,-670,833,1615,-782,1996,3448,-1452,8954,7457,1497,5703,3336,2367,14657,10793,3864,10117,9290,827,6536,4951,1585,16653,14241,2412,402270,18.3,20.0,9192,9192,7845
Sachsen,2006,1211,2234,-1023,826,1852,-1026,2037,4086,-2049,8788,7969,819,5603,3399,2204,14391,11368,3023,9999,10203,-204,6429,5251,1178,16428,15454,974,371909,17.0,18.8,14397,14397,12942
Sachsen,2007,1358,2773,-1415,972,2300,-1328,2330,5073,-2743,8428,7338,1090,5410,3717,1693,13838,11055,2783,9786,10111,-325,6382,6017,365,16168,16128,40,321282,14.7,16.3,16511,16511,15126
Sachsen,2008,1441,3233,-1792,1162,2798,-1636,2603,6031,-3428,9068,8592,476,5456,4442,1014,14524,13034,1490,10509,11825,-1316,6618,7240,-622,17127,19065,-1938,278749,12.8,14.3,14883,14883,13745
Sachsen,2009,1774,2906,-1132,1342,2561,-1219,3116,5467,-2351,10477,9969,508,5713,5156,557,16190,15125,1065,12251,12875,-624,7055,7717,-662,19306,20592,-1286,277757,12.9,14.3,12699,12699,11403
Sachsen,2010,1725,2500,-775,1291,2200,-909,3016,4700,-1684,10761,10076,685,6389,4989,1400,17150,15065,2085,12486,12576,-90,7680,7189,491,20166,19765,401,253198,11.8,13.1,15034,15033,13383
Sachsen,2011,1803,2550,-747,1389,2242,-853,3192,4792,-1600,12457,8431,4026,7214,4399,2815,19671,12830,6841,14260,10981,3279,8603,6641,1962,22863,17622,5241,226887,10.6,11.8,18847,18847,17369
Sachsen,2012,1790,2440,-650,1412,2047,-635,3202,4487,-1285,14240,8533,5707,8601,4445,4156,22841,12978,9863,16030,10973,5057,10013,6492,3521,26043,17465,8578,207826,9.8,10.9,19241,19241,18117
Sachsen,2013,1977,2566,-589,1519,2141,-622,3496,4707,-1211,16032,9860,6172,10466,5596,4870,26498,15456,11042,18009,12426,5583,11985,7737,4248,29994,20163,9831,200628,9.4,10.5,18249,19198,18236
Sachsen,2014,1992,2416,-424,1565,2077,-512,3557,4493,-936,22527,10845,11682,12329,5922,6407,34856,16767,18089,24519,13261,11258,13894,7999,5895,38413,21260,17153,187494,8.8,9.9,22721,22721,21937
Sachsen,2015,1990,2389,-399,1525,2016,-491,3515,4405,-890,41484,12477,29007,19642,6324,13318,61126,18801,42325,43474,14866,28608,21167,8340,12827,64641,23206,41435,174319,8.2,9.2,27444,27444,26719
Sachsen,2016,3047,7011,-3964,1854,3360,-1506,4901,10371,-5470,29672,20374,9298,15731,8505,7226,45403,28879,16524,32719,27385,5334,17585,11865,5720,50304,39250,11054,157862,7.5,8.3,31818,31818,31169
Sachsen,2017,4040,6266,-2226,2222,3160,-938,6262,9426,-3164,24718,17249,7469,14085,7097,6988,38803,24346,14457,28758,23515,5243,16307,10257,6050,45065,33772,11293,140348,6.7,7.4,35934,35934,35370
Sachsen,2018,5724,6428,-704,2877,3397,-520,8601,9825,-1224,26315,18309,8006,14557,7819,6738,40872,26128,14744,32039,24737,7302,17434,11216,6218,49473,35953,13520,126311,6.0,6.6,39164,39164,38618
Sachsen,2019,6022,6861,-839,2846,3320,-474,8868,10181,-1313,26356,19963,6393,14874,8661,6213,41230,28624,12606,32378,26824,5554,17720,11981,5739,50098,38805,11293,116051,5.5,6.0,37853,37853,37191
Sachsen,2020,4867,5353,-486,2608,2649,-41,7475,8002,-527,20356,15587,4769,10940,6239,4701,31296,21826,9470,25223,20940,4283,13548,8888,4660,38771,29828,8943,128669,6.1,6.7,34755,34755,34289
Sachsen,2021,4435,5317,-882,2181,2805,-624,6616,8122,-1506,24097,14309,9788,13358,6023,7335,37455,20332,17123,28532,19626,8906,15539,8828,6711,44071,28454,15617,124743,5.9,6.5,40143,40143,39678
Sachsen,2022,4344,5632,-1288,2287,3099,-812,6631,8731,-2100,51660,17020,34640,52523,11486,41037,104183,28506,75677,56004,22652,33352,54810,14585,40225,110814,37237,73577,118216,5.6,6.1,44523,44523,43951
Sachsen,2023,4680,5731,-1051,2357,3273,-916,7037,9004,-1967,41788,19234,22554,27180,13001,14179,68968,32235,36733,46468,24965,21503,29537,16274,13263,76005,41239,34766,131069,6.2,6.8,39492,39492,39048
Sachsen,2024,4843,6237,-1394,2542,3547,-1005,7385,9784,-2399,32025,20443,11582,20322,11488,8834,52347,31931,20416,36868,26680,10188,22864,15035,7829,59732,41715,18017,139751,6.5,7.1,35109,35109,34778
Sachsen-Anhalt,2000,593,1139,-546,329,558,-229,922,1697,-775,5406,4718,688,3428,1625,1803,8834,6343,2491,5999,5857,142,3757,2183,1574,9756,8040,1716,272867,20.2,21.4,7683,7683,7363
Sachsen-Anhalt,2001,566,1072,-506,323,634,-311,889,1706,-817,6296,3546,2750,3408,1241,2167,9704,4787,4917,6862,4618,2244,3731,1875,1856,10593,6493,4100,264557,19.7,20.9,8933,8933,8547
Sachsen-Anhalt,2002,616,1404,-788,362,769,-407,978,2173,-1195,6082,4064,2018,3356,1517,1839,9438,5581,3857,6698,5468,1230,3718,2286,1432,10416,7754,2662,260465,19.6,20.9,9415,9415,8994
Sachsen-Anhalt,2003,623,1022,-399,338,753,-415,961,1775,-814,5717,3645,2072,2990,1453,1537,8707,5098,3609,6340,4667,1673,3328,2206,1122,9668,6873,2795,268264,20.5,21.8,7027,7027,6657
Sachsen-Anhalt,2004,714,2411,-1697,381,1387,-1006,1095,3798,-2703,6020,6047,-27,3084,2015,1069,9104,8062,1042,6734,8458,-1724,3465,3402,63,10199,11860,-1661,262763,20.3,21.7,4628,4628,4193
Sachsen-Anhalt,2005,1118,1274,-156,578,882,-304,1696,2156,-460,4744,4135,609,2529,1694,835,7273,5829,1444,5862,5409,453,3107,2576,531,8969,7985,984,258527,20.2,21.7,5196,5196,4510
Sachsen-Anhalt,2006,889,942,-53,429,804,-375,1318,1746,-428,4061,3288,773,2216,1493,723,6277,4781,1496,4950,4230,720,2645,2297,348,7595,6527,1068,231932,18.3,19.9,8566,8566,7822
Sachsen-Anhalt,2007,561,1241,-680,465,1063,-598,1026,2304,-1278,4108,3650,458,2101,1331,770,6209,4981,1228,4669,4891,-222,2566,2394,172,7235,7285,-50,201190,15.9,17.4,8727,8728,8038
Sachsen-Anhalt,2008,686,1446,-760,511,1207,-696,1197,2653,-1456,4271,4465,-194,2080,1728,352,6351,6193,158,4957,5911,-954,2591,2935,-344,7548,8846,-1298,174600,13.9,15.2,7761,7763,7160
Sachsen-Anhalt,2009,774,1189,-415,557,1077,-520,1331,2266,-935,4547,4055,492,2330,1815,515,6877,5870,1007,5321,5244,77,2887,2892,-5,8208,8136,72,167688,13.6,14.8,7319,7319,6683
Sachsen-Anhalt,2010,790,1098,-308,538,931,-393,1328,2029,-701,4641,3104,1537,2626,1415,1211,7267,4519,2748,5431,4202,1229,3164,2346,818,8595,6548,2047,151305,12.5,13.5,8229,8235,7554
Sachsen-Anhalt,2011,731,1169,-438,557,931,-374,1288,2100,-812,5406,4248,1158,3020,1981,1039,8426,6229,2197,6137,5417,720,3577,2912,665,9714,8329,1385,139310,11.6,12.5,10700,10702,9952
Sachsen-Anhalt,2012,703,1035,-332,545,815,-270,1248,1850,-602,6609,3662,2947,3400,1680,1720,10009,5342,4667,7312,4697,2615,3945,2495,1450,11257,7192,4065,136701,11.5,12.4,10930,10930,10093
Sachsen-Anhalt,2013,701,1025,-324,527,808,-281,1228,1833,-605,8654,4619,4035,4381,2170,2211,13035,6789,6246,9355,5644,3711,4908,2978,1930,14263,8622,5641,132134,11.2,12.1,10806,11164,10338
Sachsen-Anhalt,2014,777,978,-201,592,751,-159,1369,1729,-360,12914,6635,6279,6665,2992,3673,19579,9627,9952,13691,7613,6078,7257,3743,3514,20948,11356,9592,125559,10.7,11.6,12451,12451,11660
Sachsen-Anhalt,2015,833,853,-20,609,741,-132,1442,1594,-152,29488,8556,20932,12762,3707,9055,42250,12263,29987,30321,9409,20912,13371,4448,8923,43692,13857,29835,118852,10.2,11.1,14597,14597,13926
Sachsen-Anhalt,2016,1520,3964,-2444,907,1778,-871,2427,5742,-3315,18790,9948,8842,10111,4058,6053,28901,14006,14895,20310,13912,6398,11018,5836,5182,31328,19748,11580,110263,9.6,10.4,16554,16554,15900
Sachsen-Anhalt,2017,1985,3699,-1714,1043,1629,-586,3028,5328,-2300,14403,11298,3105,7848,3940,3908,22251,15238,7013,16388,14997,1391,8891,5569,3322,25279,20566,4713,96960,8.4,9.2,18555,18555,17900
Sachsen-Anhalt,2018,3029,3858,-829,1349,1726,-377,4378,5584,-1206,14941,12725,2216,7867,4731,3136,22808,17456,5352,17970,16583,1387,9216,6457,2759,27186,23040,4146,88106,7.7,8.4,19541,19541,19022
Sachsen-Anhalt,2019,3261,3686,-425,1363,1702,-339,4624,5388,-764,15260,12256,3004,7933,4958,2975,23193,17214,5979,18521,15942,2579,9296,6660,2636,27817,22602,5215,80608,7.1,7.7,20104,20104,19618
Sachsen-Anhalt,2020,2682,3300,-618,1320,1502,-182,4002,4802,-800,12120,9315,2805,6206,3753,2453,18326,13068,5258,14802,12615,2187,7526,5255,2271,22328,17870,4458,86110,7.7,8.2,18777,18777,18354
Sachsen-Anhalt,2021,2672,3190,-518,1207,1525,-318,3879,4715,-836,13740,8310,5430,8003,3402,4601,21743,11712,10031,16412,11500,4912,9210,4927,4283,25622,16427,9195,81093,7.3,7.8,21004,21004,20566
Sachsen-Anhalt,2022,2748,3349,-601,1296,1665,-369,4044,5014,-970,28880,10185,18695,28497,6542,21955,57377,16727,40650,31628,13534,18094,29793,8207,21586,61421,21741,39680,77978,7.1,7.6,22617,22617,22176
Sachsen-Anhalt,2023,2777,3268,-491,1343,1672,-329,4120,4940,-820,22125,11148,10977,13024,6981,6043,35149,18129,17020,24902,14416,10486,14367,8653,5714,39269,23069,16200,82627,7.5,8.0,20665,20665,20300
Sachsen-Anhalt,2024,2741,3304,-563,1326,1669,-343,4067,4973,-906,19892,12037,7855,12409,6468,5941,32301,18505,13796,22633,15341,7292,13735,8137,5598,36368,23478,12890,84801,7.7,8.2,19977,19977,19602
Schleswig-Holstein,2000,1782,1778,4,1471,1528,-57,3253,3306,-53,8046,6762,1284,5818,3499,2319,13864,10261,3603,9828,8540,1288,7289,5027,2262,17117,13567,3550,114372,8.5,9.5,12868,12868,12080
Schleswig-Holstein,2001,1635,1653,-18,1469,1391,78,3104,3044,60,8535,6192,2343,6200,2988,3212,14735,9180,5555,10170,7845,2325,7669,4379,3290,17839,12224,5615,116194,8.4,9.4,12327,12327,11491
Schleswig-Holstein,2002,1618,1728,-110,1373,1532,-159,2991,3260,-269,7659,6210,1449,6278,3158,3120,13937,9368,4569,9277,7938,1339,7651,4690,2961,16928,12628,4300,121630,8.7,9.8,11770,11770,10825
Schleswig-Holstein,2003,1429,1719,-290,1203,1465,-262,2632,3184,-552,6971,6248,723,5539,3507,2032,12510,9755,2755,8400,7967,433,6742,4972,1770,15142,12939,2203,136139,9.7,10.9,8096,8096,7155
Schleswig-Holstein,2004,1388,1858,-470,1093,1615,-522,2481,3473,-992,6859,6926,-67,5222,3982,1240,12081,10908,1173,8247,8784,-537,6315,5597,718,14562,14381,181,137808,9.8,11.1,6246,6246,5431
Schleswig-Holstein,2005,1447,2017,-570,1095,1794,-699,2542,3811,-1269,7235,5680,1555,4839,3045,1794,12074,8725,3349,8682,7697,985,5934,4839,1095,14616,12536,2080,161524,11.6,13.0,7609,7609,6443
Schleswig-Holstein,2006,1415,2196,-781,1074,1834,-760,2489,4030,-1541,7106,6416,690,4570,3297,1273,11676,9713,1963,8521,8612,-91,5644,5131,513,14165,13743,422,140824,10.0,11.3,10573,10576,9062
Schleswig-Holstein,2007,1376,2354,-978,1165,2050,-885,2541,4404,-1863,6791,5664,1127,4405,2979,1426,11196,8643,2553,8167,8018,149,5570,5029,541,13737,13047,690,119037,8.4,9.5,12297,12302,11041
Schleswig-Holstein,2008,1505,2616,-1111,1292,2330,-1038,2797,4946,-2149,5896,7092,-1196,3730,3924,-194,9626,11016,-1390,7401,9708,-2307,5022,6254,-1232,12423,15962,-3539,107326,7.6,8.6,11182,11182,10158
Schleswig-Holstein,2009,1785,2397,-612,1436,2172,-736,3221,4569,-1348,6872,7555,-683,4713,4289,424,11585,11844,-259,8657,9952,-1295,6149,6461,-312,14806,16413,-1607,110373,7.8,8.8,9545,9545,8483
Schleswig-Holstein,2010,1858,2132,-274,1517,1988,-471,3375,4120,-745,7246,5469,1777,4921,3174,1747,12167,8643,3524,9104,7601,1503,6438,5162,1276,15542,12763,2779,107176,7.5,8.5,11548,11548,10256
Schleswig-Holstein,2011,1799,2044,-245,1492,1923,-431,3291,3967,-676,9430,5499,3931,6166,2935,3231,15596,8434,7162,11229,7543,3686,7658,4858,2800,18887,12401,6486,103714,7.2,8.2,13857,13857,12618
Schleswig-Holstein,2012,1902,2125,-223,1569,2010,-441,3471,4135,-664,10755,5837,4918,6962,3104,3858,17717,8941,8776,12657,7962,4695,8531,5114,3417,21188,13076,8112,100051,6.9,7.7,14989,14989,13826
Schleswig-Holstein,2013,1931,2300,-369,1626,2065,-439,3557,4365,-808,13139,6548,6591,8743,3593,5150,21882,10141,11741,15070,8848,6222,10369,5658,4711,25439,14506,10933,101751,6.9,7.8,15028,15820,14641
Schleswig-Holstein,2014,1943,2219,-276,1601,1982,-381,3544,4201,-657,18164,9327,8837,11459,5065,6394,29623,14392,15231,20107,11546,8561,13060,7047,6013,33167,18593,14574,100957,6.8,7.6,16853,16853,15723
Schleswig-Holstein,2015,1988,2110,-122,1685,1853,-168,3673,3963,-290,29376,10330,19046,16330,5083,11247,45706,15413,30293,31364,12440,18924,18015,6936,11079,49379,19376,30003,97850,6.5,7.3,18174,18174,17288
Schleswig-Holstein,2016,2049,5688,-3639,1590,3340,-1750,3639,9028,-5389,32787,14637,18150,20050,6934,13116,52837,21571,31266,34836,20325,14511,21640,10274,11366,56476,30599,25877,94977,6.3,7.0,21482,21482,20534
Schleswig-Holstein,2017,3309,4559,-1250,2202,2867,-665,5511,7426,-1915,19687,12916,6771,13240,6224,7016,32927,19140,13787,22996,17475,5521,15442,9091,6351,38438,26566,11872,92434,6.0,6.7,23615,23615,22722
Schleswig-Holstein,2018,4383,5122,-739,2657,3173,-516,7040,8295,-1255,19377,13946,5431,12474,6688,5786,31851,20634,11217,23760,19068,4692,15131,9861,5270,38891,28929,9962,85053,5.5,6.1,25196,25196,24373
Schleswig-Holstein,2019,4053,5446,-1393,2487,3562,-1075,6540,9008,-2468,19532,12986,6546,12719,6503,6216,32251,19489,12762,23585,18432,5153,15206,10065,5141,38791,28497,10294,79678,5.1,5.6,25377,25377,24650
Schleswig-Holstein,2020,3792,4441,-649,2421,2733,-312,6213,7174,-961,14708,10361,4347,9454,5259,4195,24162,15620,8542,18500,14802,3698,11875,7992,3883,30375,22794,7581,92140,5.8,6.5,22063,22063,21623
Schleswig-Holstein,2021,3572,4807,-1235,2175,3295,-1120,5747,8102,-2355,15602,9612,5990,11074,5057,6017,26676,14669,12007,19174,14419,4755,13249,8352,4897,32423,22771,9652,88865,5.6,6.2,24775,24775,24350
Schleswig-Holstein,2022,3550,5650,-2100,2217,3924,-1707,5767,9574,-3807,30808,12050,18758,33593,8928,24665,64401,20978,43423,34358,17700,16658,35810,12852,22958,70168,30552,39616,81564,5.2,5.7,30287,30287,29695
Schleswig-Holstein,2023,4096,5757,-1661,2428,3838,-1410,6524,9595,-3071,28988,14176,14812,19719,9802,9917,48707,23978,24729,33084,19933,13151,22147,13640,8507,55231,33573,21658,87757,5.5,6.0,27340,27340,26885
Schleswig-Holstein,2024,4031,5683,-1652,2483,3837,-1354,6514,9520,-3006,25558,16050,9508,18322,10204,8118,43880,26254,17626,29589,21733,7856,20805,14041,6764,50394,35774,14620,92493,5.7,6.3,25405,25405,25119
Thüringen,2000,442,581,-139,308,405,-97,750,986,-236,5162,4173,989,2308,1433,875,7470,5606,1864,5604,4754,850,2616,1838,778,8220,6592,1628,193663,15.4,16.5,9540,9540,9347
Thüringen,2001,488,568,-80,355,485,-130,843,1053,-210,5421,3542,1879,2698,1257,1441,8119,4799,3320,5909,4110,1799,3053,1742,1311,8962,5852,3110,194131,15.3,16.5,10118,10118,9882
Thüringen,2002,535,669,-134,375,610,-235,910,1279,-369,4516,3154,1362,2611,1314,1297,7127,4468,2659,5051,3823,1228,2986,1924,1062,8037,5747,2290,201157,15.9,17.2,10757,10757,10489
Thüringen,2003,530,729,-199,392,605,-213,922,1334,-412,3412,2763,649,2346,1220,1126,5758,3983,1775,3942,3492,450,2738,1825,913,6680,5317,1363,210664,16.7,18.1,8219,8219,7933
Thüringen,2004,592,933,-341,421,783,-362,1013,1716,-703,3684,3341,343,2250,1543,707,5934,4884,1050,4276,4274,2,2671,2326,345,6947,6600,347,207430,16.7,18.1,5577,5577,5249
Thüringen,2005,620,946,-326,399,858,-459,1019,1804,-785,2930,2758,172,2114,1321,793,5044,4079,965,3550,3704,-154,2513,2179,334,6063,5883,180,209941,17.1,18.6,5791,5791,5155
Thüringen,2006,575,1282,-707,455,1069,-614,1030,2351,-1321,3003,2673,330,2029,1528,501,5032,4201,831,3578,3955,-377,2484,2597,-113,6062,6552,-490,188453,15.6,17.0,7129,7129,6568
Thüringen,2007,673,1472,-799,499,1134,-635,1172,2606,-1434,3155,2573,582,2208,1334,874,5363,3907,1456,3828,4045,-217,2707,2468,239,6535,6513,22,158498,13.1,14.4,9962,9962,9314
Thüringen,2008,769,1712,-943,571,1451,-880,1340,3163,-1823,3267,2862,405,2238,1660,578,5505,4522,983,4036,4574,-538,2809,3111,-302,6845,7685,-840,134884,11.2,12.3,9315,9315,8670
Thüringen,2009,824,1408,-584,621,1216,-595,1445,2624,-1179,3492,2616,876,2433,1456,977,5925,4072,1853,4316,4024,292,3054,2672,382,7370,6696,674,136029,11.4,12.6,8094,8094,7482
Thüringen,2010,890,1295,-405,667,1151,-484,1557,2446,-889,3889,2423,1466,2667,1441,1226,6556,3864,2692,4779,3718,1061,3334,2592,742,8113,6310,1803,117069,9.8,10.9,10732,10732,9850
Thüringen,2011,799,1330,-531,613,1149,-536,1412,2479,-1067,5098,3064,2034,3660,1900,1760,8758,4964,3794,5897,4394,1503,4273,3049,1224,10170,7443,2727,104174,8.8,9.8,13699,13698,12813
Thüringen,2012,892,1239,-347,739,990,-251,1631,2229,-598,6658,3617,3041,4477,2132,2345,11135,5749,5386,7550,4856,2694,5216,3122,2094,12766,7978,4788,99316,8.5,9.4,14694,14694,13772
Thüringen,2013,899,1188,-289,691,1026,-335,1590,2214,-624,8115,4465,3650,5761,2757,3004,13876,7222,6654,9014,5653,3361,6452,3783,2669,15466,9436,6030,95858,8.2,9.1,14141,14829,13979
Thüringen,2014,927,1181,-254,669,911,-242,1596,2092,-496,12238,5458,6780,7522,3429,4093,19760,8887,10873,13165,6639,6526,8191,4340,3851,21356,10979,10377,90160,7.8,8.6,16776,16776,15974
Thüringen,2015,829,1128,-299,738,865,-127,1567,1993,-426,27703,7053,20650,14059,3957,10102,41762,11010,30752,28532,8181,20351,14797,4822,9975,43329,13003,30326,85212,7.4,8.2,18248,18248,17610
Thüringen,2016,1243,3007,-1764,763,1438,-675,2006,4445,-2439,15533,11572,3961,9969,6022,3947,25502,17594,7908,16776,14579,2197,10732,7460,3272,27508,22039,5469,77215,6.7,7.4,21028,21028,20467
Thüringen,2017,1601,2657,-1056,854,1310,-456,2455,3967,-1512,14250,9237,5013,9184,4672,4512,23434,13909,9525,15851,11894,3957,10038,5982,4056,25889,17876,8013,68614,6.1,6.6,24085,24085,23493
Thüringen,2018,2327,2969,-642,1160,1341,-181,3487,4310,-823,14911,10293,4618,9526,4891,4635,24437,15184,9253,17238,13262,3976,10686,6232,4454,27924,19494,8430,62145,5.5,6.0,25916,25916,25263
Thüringen,2019,2323,2913,-590,1143,1393,-250,3466,4306,-840,14183,9849,4334,8936,5285,3651,23119,15134,7985,16506,12762,3744,10079,6678,3401,26585,19440,7145,59065,5.3,5.7,23411,23411,22867
Thüringen,2020,2300,2664,-364,1152,1276,-124,3452,3940,-488,10420,7664,2756,6623,3976,2647,17043,11640,5403,12720,10328,2392,7775,5252,2523,20495,15580,4915,66678,6.0,6.5,18211,18211,17933
Thüringen,2021,2233,2689,-456,1082,1384,-302,3315,4073,-758,13901,7616,6285,9031,3829,5202,22932,11445,11487,16134,10305,5829,10113,5213,4900,26247,15518,10729,62249,5.6,6.1,20242,20242,19960
Thüringen,2022,2251,2864,-613,1113,1623,-510,3364,4487,-1123,28333,9567,18766,29206,7374,21832,57539,16941,40598,30584,12431,18153,30319,8997,21322,60903,21428,39475,58172,5.3,5.8,21308,21308,21032
Thüringen,2023,2253,2887,-634,1130,1473,-343,3383,4360,-977,23394,11863,11531,15822,8486,7336,39216,20349,18867,25647,14750,10897,16952,9959,6993,42599,24709,17890,64978,5.9,6.4,16586,16586,16404
Thüringen,2024,2201,2834,-633,1138,1572,-434,3339,4406,-1067,18130,11944,6186,12291,7324,4967,30421,19268,11153,20331,14778,5553,13429,8896,4533,33760,23674,10086,68768,6.2,6.8,15139,15139,14946
