state,year,migration_foreign,migration_foreign_male,migration_foreign_female,migration_german,migration_total,unemployment_rate,vacancies_total,vacancies_sc,unemployed_count,labor_market_tightness,vacancy_quality_ratio,vacancies_sc_log,unemployed_count_log
Baden-Württemberg,2000,6418,-1142,7560,4702,11120,5.4,78669,75810,281500,0.26930632573241303,0.9636456082369391,11.235998679835268,12.547891278953442
Baden-Württemberg,2001,24903,10120,14783,-158,24745,4.9,73514,70418,264301,0.2664300686336085,0.9578725430184316,11.162218392096998,12.484847667722281
Baden-Württemberg,2002,18590,5913,12677,-1749,16841,5.4,57496,54136,295005,0.18350813203799246,0.9415447762491956,10.89927314973791,12.594750974098174
Baden-Württemberg,2003,8036,-11,8047,-3749,4287,6.2,37759,34494,336881,0.10239193545514454,0.9135063559322034,10.448569664980209,12.727487999650293
Baden-Württemberg,2004,3586,-2034,5620,-5576,-1990,6.2,29907,26861,340943,0.0787841991646722,0.8981209041059248,10.19846792746902,12.739473519905701
Baden-Württemberg,2005,9672,1617,8055,-6921,2751,7.0,34493,30249,385267,0.07851417714422168,0.8769351191511567,10.317251463458987,12.861694474998083
Baden-Württemberg,2006,7339,1344,5995,-9082,-1743,6.3,45123,40892,348697,0.11727053209367418,0.9062139881216205,10.618714178238953,12.761961497057962
Baden-Württemberg,2007,12520,5091,7429,-10167,2353,4.9,57991,53377,271663,0.19648168325578655,0.920420057939026,10.885153955040415,12.512321287555793
Baden-Württemberg,2008,4337,589,3748,-12770,-8433,4.1,59237,55219,228646,0.2415032779787183,0.9321550356190283,10.919080485484145,12.339934608510296
Baden-Württemberg,2009,10547,3612,6935,-8196,2351,5.1,39958,36238,284168,0.1275227065584212,0.9068795515403288,10.497891165957215,12.557324410581684
Baden-Württemberg,2010,25379,14525,10854,-6500,18879,4.9,50969,45856,272656,0.16818200156240257,0.8996664704728271,10.73328313778719,12.515969873965588
Baden-Württemberg,2011,46617,27305,19312,-6213,40404,4.0,73278,67322,226918,0.29667855049599196,0.9187079518006523,11.117257210591687,12.332348404591379
Baden-Württemberg,2012,68367,39322,29045,-4441,63926,3.9,74844,69720,222202,0.3137671408576842,0.9315251519807602,11.152256842617728,12.31134665744666
Baden-Württemberg,2013,76073,43945,32128,-4586,71487,4.1,63506,63210,233956,0.2701778531952453,0.9953233501818697,11.054233615622806,12.362892616770015
Baden-Württemberg,2014,95259,54350,40909,-5255,90004,4.0,71974,68684,230372,0.2981425774721864,0.9542757902049323,11.137286113759306,12.347455013436882
Baden-Württemberg,2015,172800,109908,62892,-3562,169238,3.8,82009,78702,227098,0.34655370565260085,0.9596634556761371,11.273436553119883,12.333141324737412
Baden-Württemberg,2016,92862,51594,41268,-12366,80496,3.8,92333,89088,226421,0.39345999947001614,0.9648450191695367,11.39739114904736,12.330155793735036
Baden-Württemberg,2017,85723,46140,39583,-8503,77220,3.5,102096,98979,212837,0.46504383615707723,0.9694604150954484,11.502673088505878,12.268286591936217
Baden-Württemberg,2018,67300,33225,34075,-10555,56745,3.2,112360,109200,195128,0.5596297833740757,0.9718674629097285,11.600945499760169,12.18141615728731
Baden-Württemberg,2019,55147,25596,29551,-8484,46663,3.2,106185,103540,196950,0.5257145178242304,0.9750814608328782,11.547722948512401,12.190710245816982
Baden-Württemberg,2020,32258,13794,18464,-4615,27643,4.1,72963,71419,259940,0.27475080883739,0.9788251740584398,11.17633322114844,12.468209961169805
Baden-Württemberg,2021,53627,25596,28031,-11595,42032,3.9,88314,86588,247774,0.34946221370194736,0.9804449980184566,11.368928065697483,12.42027635527491
Baden-Württemberg,2022,205210,92924,112286,-16899,188311,3.5,111188,109167,223119,0.48927482968806024,0.9818147478617489,11.600643259055206,12.315465022301371
Baden-Württemberg,2023,102025,58097,43928,-13916,88109,3.9,95715,94325,245466,0.3842675390174647,0.9854674244640395,11.45451214641957,12.41091779762966
Baden-Württemberg,2024,54552,26621,27931,-14037,40515,4.2,82697,81363,269990,0.3013544895940976,0.9838569251977073,11.306688193722378,12.50614390409161
Bayern,2000,17935,6241,11694,3285,21220,5.5,89588,86500,339537,0.2547579357833291,0.9655203205750706,11.367911253546788,12.735341149025075
Bayern,2001,37532,17496,20036,2174,39706,5.3,83001,79828,332569,0.2400336771206062,0.9617599575913833,11.28764212594232,12.71460564323628
Bayern,2002,22133,7374,14759,64,22197,6.0,65845,63008,386696,0.16293894185887142,0.9568994320080187,11.051032852313417,12.865396719613395
Bayern,2003,13574,2152,11422,-1345,12229,6.9,45871,42760,447262,0.09560370520253185,0.9321590512731078,10.6633817512079,13.01090206746615
Bayern,2004,5254,-2445,7699,-5197,57,6.9,33620,30603,449680,0.06805491003622569,0.9102346747568484,10.328885998351742,13.016293721477078
Bayern,2005,14820,3380,11440,-6746,8074,7.8,39774,35429,504980,0.07015907529194168,0.89073538654934,10.475314197859518,13.13227608378733
Bayern,2006,12085,4662,7423,-8902,3183,6.8,51286,46360,446461,0.10383862456379267,0.903932770487648,10.744213867540292,13.009109569293958
Bayern,2007,16178,6602,9576,-8688,7490,5.3,62839,58137,349826,0.16618785857009322,0.9251591343093571,10.97057477379638,12.765194025551859
Bayern,2008,118,-3184,3302,-12220,-12102,4.2,54736,51279,276332,0.18556958452302114,0.9368251822350513,10.845056091594552,12.529361939175978
Bayern,2009,502,-2255,2757,-6978,-6476,4.8,40362,37518,319197,0.11753833044066692,0.9295146545103189,10.532602750312952,12.673566878874
Bayern,2010,38025,21344,16681,-3156,34869,4.5,50336,46914,299448,0.15666774642760536,0.9319983312473926,10.75609273272415,12.609699398231363
Bayern,2011,64681,38014,26667,-3979,60702,3.8,67074,63209,254359,0.24850212297531057,0.9423630264629147,11.054217795466345,12.446505865381344
Bayern,2012,81113,46333,34780,-5013,76100,3.7,70082,66375,248860,0.2667151542427299,0.9470913060228586,11.103090824344122,12.424649786645103
Bayern,2013,90917,51284,39633,-7355,83562,3.8,64412,63652,264532,0.24062026287835545,0.9881856147051061,11.061201735632105,12.485721286203251
Bayern,2014,99917,55535,44382,-13887,86030,3.8,73092,69755,264603,0.2636203534338105,0.9543321521896762,11.15275871748935,12.485989647706704
Bayern,2015,169339,107088,62251,-9390,159949,3.6,87784,84211,256527,0.3282721574253103,0.9592868941163069,11.341092707890446,12.454993099428618
Bayern,2016,112896,62285,50611,-15089,97807,3.5,103907,99998,250623,0.39899610572012256,0.9623705585710436,11.512915464920228,12.431709087010073
Bayern,2017,79772,40789,38983,-10676,69096,3.2,118912,114835,231353,0.49636055568522697,0.9657060203678319,11.65126030255907,12.351704284006297
Bayern,2018,86576,44873,41703,-8793,77783,2.9,129853,125907,214017,0.5883009840293807,0.9696043248571472,11.743306760507743,12.273815402616293
Bayern,2019,63933,28979,34954,-8688,55245,2.8,125827,122530,211965,0.5780644065557684,0.9737896175731952,11.716119338176817,12.264181163433836
Bayern,2020,36789,14073,22716,-5796,30993,3.6,100066,97703,275075,0.3551854760139016,0.9763758281951093,11.489697778850925,12.524802702103676
Bayern,2021,66464,32870,33594,-14102,52362,3.5,119158,116400,262186,0.44395793841799935,0.9768460628236222,11.664796405307863,12.476813268609662
Bayern,2022,233043,106458,126585,-15788,217255,3.1,154634,150956,235851,0.6400454522327561,0.9762084909625893,11.924750307030974,12.370959768642534
Bayern,2023,109717,65607,44110,-16977,92740,3.4,149006,145747,257096,0.5668949851612426,0.978121833202467,11.88963438199166,12.457208724574468
Bayern,2024,83057,42638,40419,-15213,67844,3.7,132035,128926,285234,0.45199922870615455,0.9764458178072647,11.76700163169393,12.561068680890301
Berlin,2000,4068,277,3791,894,4962,15.8,4982,4865,264819,0.018370968960048334,0.976319486253261,8.490027523343468,12.486805628893748
Berlin,2001,10540,3997,6543,628,11168,16.1,5286,5184,272330,0.019035658812254205,0.980518252317004,8.553525120663627,12.51477351720587
Berlin,2002,9679,-6474,16153,56,9735,16.9,6400,6243,288285,0.021655578141151495,0.975316356819247,8.739376281635323,12.571708321920164
Berlin,2003,8094,3000,5094,-574,7520,18.1,6408,6194,306556,0.020205051589100884,0.9664534248712747,8.731497794063243,12.633158987704224
Berlin,2004,12454,6276,6178,-1635,10819,17.7,4389,4113,298661,0.013771420535588726,0.9369020501138953,8.322151070212902,12.607067778166886
Berlin,2005,16422,8859,7563,-1893,14529,19.0,7124,5731,319178,0.01795544193070346,0.8043508771929825,8.653819788948063,12.673507352919884
Berlin,2006,11370,5691,5679,-2646,8724,17.5,10869,9457,293476,0.03222399029566201,0.8700091996320147,9.15461622320382,12.589554550614038
Berlin,2007,7672,2839,4833,-3053,4619,15.5,11077,10231,260235,0.039314314698965555,0.9235421556237589,9.23327534325868,12.46934419060181
Berlin,2008,5698,2054,3644,-3346,2352,13.8,8845,8084,233323,0.03464710016972108,0.9138593714673299,8.997765772011208,12.360183324557411
Berlin,2009,-5943,-4540,-1403,-1893,-7836,14.0,8372,7579,236669,0.03202349262686441,0.905171384211155,8.933268478636418,12.374422044757244
Berlin,2010,46,-1251,1297,-1218,-1172,13.6,9858,9127,231221,0.03947288752800339,0.9257531189775839,9.119101891541911,12.351133566962684
Berlin,2011,24940,12920,12020,-860,24080,13.3,13389,12594,228838,0.055034325442778545,0.9405526512322628,9.441055188786711,12.340773978507508
Berlin,2012,29400,15166,14234,-210,29190,12.3,18583,17494,215348,0.08123557573984555,0.9413473956091262,9.769670404801788,12.28001524686804
Berlin,2013,34106,18032,16074,-282,33824,11.7,17997,17265,210093,0.08217750149932887,0.9592732525836204,9.756494528795468,12.255310328595705
Berlin,2014,34452,18399,16053,-11,34441,11.1,20279,18655,202927,0.09192915713947804,0.9198717948717948,9.833923089150218,12.22060651530721
Berlin,2015,46138,26651,19487,-425,45713,10.7,22493,20924,194812,0.10740556328376442,0.930203609851516,9.948699895357676,12.17979540307682
Berlin,2016,55074,30797,24277,-8817,46257,9.8,25506,24056,181018,0.13289212734574823,0.9431136550750774,10.088181293475138,12.106357277114439
Berlin,2017,40173,20814,19359,-3627,36546,9.0,24793,23582,168991,0.13954506722211701,0.9511172057755909,10.068281392461866,12.037606655506659
Berlin,2018,40382,20872,19510,-2511,37871,8.1,25318,23894,156230,0.1529401975280194,0.9437181563252893,10.081424511012258,11.959090960204769
Berlin,2019,33497,16058,17439,-3393,30104,7.8,27602,25154,152565,0.16487290746299962,0.9112777596638046,10.13281196292542,11.935352568289618
Berlin,2020,18417,9470,8947,-1146,17271,9.7,20842,19468,192644,0.10105634716706896,0.9340306097970542,9.87657873597891,12.168604395915265
Berlin,2021,29462,14184,15278,-3980,25482,9.8,18839,18021,198401,0.09083073759337104,0.9565286624203821,9.799348512794982,12.198050554427262
Berlin,2022,99390,46188,53202,-3437,95953,8.8,21308,20681,179327,0.11532499107780157,0.970528884508893,9.937019035744921,12.096971810256624
Berlin,2023,54020,30592,23428,-4470,49550,9.1,19613,19028,187930,0.10124992683484896,0.9701233812582849,9.853719410302007,12.143830153166697
Berlin,2024,47462,26191,21271,-5600,41862,9.7,21198,20762,203242,0.1021535797050821,0.9793858200858531,9.940927835509973,12.222157586472571
Brandenburg,2000,2493,972,1521,449,2942,17.0,4398,4325,226451,0.01909897020119054,0.9831779949988634,8.372398606513004,12.330288280917095
Brandenburg,2001,3854,1865,1989,-56,3798,17.4,5038,4900,233650,0.02097144887032369,0.9724151617384401,8.497194544909547,12.361583828025255
Brandenburg,2002,3325,1252,2073,-316,3009,17.5,6374,6225,237903,0.026166016544488534,0.9764705882352941,8.736489351001554,12.379622509937004
Brandenburg,2003,1778,334,1444,-246,1532,18.8,5840,5586,252967,0.02208184434394864,0.9563430919363123,8.628197749459149,12.441018277496669
Brandenburg,2004,540,-396,936,-474,66,18.7,4431,4090,250709,0.016313669179530133,0.9228339350180506,8.316544717929398,12.432052171663592
Brandenburg,2005,845,15,830,-459,386,18.2,4678,4116,243879,0.01687715269804822,0.8796751442615943,8.322880021769905,12.404431580021752
Brandenburg,2006,564,-210,774,-812,-248,17.0,7090,6501,226468,0.028705915599927585,0.9167959385136089,8.779865100863852,12.330363349196146
Brandenburg,2007,1114,241,873,-1061,53,14.7,6937,6421,198161,0.03240278156255993,0.9254828480830211,8.76748487464946,12.196840156966568
Brandenburg,2008,110,-375,485,-1288,-1178,13.0,6757,6224,174587,0.03564964373267349,0.9209825392127848,8.736328721332908,12.070184191503389
Brandenburg,2009,859,9,850,-991,-132,12.3,6982,6418,164673,0.038973972819024254,0.9190892166690534,8.767017621311778,12.011723040923277
Brandenburg,2010,2688,1427,1261,-546,2142,11.1,8504,7912,148834,0.05315953908690832,0.9302763080540858,8.976262255609193,11.910593588776168
Brandenburg,2011,3720,2024,1696,-277,3443,10.7,10201,9492,143190,0.06628908241439756,0.9304058027837679,9.158309963881798,11.87193468237158
Brandenburg,2012,4835,2624,2211,-358,4477,10.2,11168,10609,136125,0.07793514831846965,0.949861223028024,9.26955223160803,11.821336206397444
Brandenburg,2013,6684,3598,3086,-323,6361,9.9,10937,10715,132329,0.0809718128920124,0.9796123605778022,9.2794932306645,11.793054081767096
Brandenburg,2014,9329,5683,3646,-236,9093,9.4,12158,11726,124628,0.09408725096085181,0.9643885187926639,9.369649154461065,11.73309660303793
Brandenburg,2015,25450,17560,7890,-98,25352,8.7,15416,15037,114873,0.13089994254574577,0.9753518842835831,9.618335609937972,11.651591154505844
Brandenburg,2016,14884,8186,6698,-3889,10995,8.0,19400,18942,105555,0.1794497707378074,0.9763414256997062,9.849189749128278,11.566996896757956
Brandenburg,2017,8691,4522,4169,-2422,6269,7.0,20855,20396,92648,0.22014268907381623,0.9779439969313387,9.92314311019457,11.436573438347109
Brandenburg,2018,7258,3750,3508,-1608,5650,6.3,23490,23176,83669,0.27699294848810807,0.9865906091694692,10.05091568660256,11.334635769289644
Brandenburg,2019,7631,3921,3710,-1034,6597,5.8,23534,23173,76888,0.30138251245301667,0.9846186530698959,10.050786239557008,11.250118102349248
Brandenburg,2020,5887,3116,2771,-513,5374,6.2,21217,20901,82491,0.25337002375987977,0.98505985484023,9.947600127154448,11.320456597923938
Brandenburg,2021,9493,4588,4905,-931,8562,5.9,23436,22991,78463,0.2930133564437194,0.9809702606988949,10.042901608318806,11.270395199855828
Brandenburg,2022,42702,18886,23816,-1474,41228,5.6,27974,27574,74242,0.37140201769863823,0.9856657730116175,10.224664844121703,11.2150987761264
Brandenburg,2023,17363,11250,6113,-1134,16229,5.9,25294,25009,78996,0.3165816423408484,0.9886934176714766,10.127031023871664,11.277165156044557
Brandenburg,2024,11736,6707,5029,-1552,10184,6.1,23913,23656,82795,0.2857142857142857,0.9892113406372836,10.071414333212408,11.324135030027682
Bremen,2000,1391,405,986,-146,1245,13.0,4681,4404,41144,0.1070360918702151,0.9406236651003844,8.39049553837028,10.624857692039813
Bremen,2001,2567,1228,1339,14,2581,12.4,4976,4703,39820,0.11810351322166696,0.9449467550733374,8.456168489578463,10.5921496903114
Bremen,2002,3465,1630,1835,-19,3446,12.5,4672,4407,40452,0.10894124045188243,0.9430772523004494,8.391176350832751,10.607896085373092
Bremen,2003,2544,1246,1298,-105,2439,13.2,3094,2890,42378,0.06819415276434083,0.9337641357027464,7.969357742016346,10.654408235508033
Bremen,2004,1543,704,839,-232,1311,13.2,2498,2248,42280,0.053168089685674415,0.8995598239295718,7.718240951959316,10.652093091549318
Bremen,2005,1621,581,1040,-250,1371,16.8,2664,2397,53223,0.04503607395160078,0.899437148217636,7.7823903355874595,10.882264701421724
Bremen,2006,1110,457,653,-299,811,14.9,4209,3950,47719,0.0827745180217938,0.9382422802850356,8.281723990411392,10.773105876211853
Bremen,2007,1436,608,828,-347,1089,12.7,5645,5390,41006,0.13144097349233058,0.9546581650726178,8.592486175451668,10.621498062820763
Bremen,2008,875,366,509,-537,338,11.4,4669,4474,36730,0.12180447033840625,0.9580299785867238,8.406261630708956,10.511376364144162
Bremen,2009,735,355,380,-321,414,11.8,3482,3320,38156,0.08700893676127579,0.9532012632787826,8.108021221376747,10.549464506119595
Bremen,2010,246,-77,323,-207,39,12.0,3718,3467,38705,0.0895726760708934,0.9322398494218876,8.151333337900432,10.563749905760297
Bremen,2011,3314,1865,1449,-42,3272,11.6,4672,4450,37455,0.11880606578385305,0.9522790498609031,8.400884069015854,10.530922189730692
Bremen,2012,4551,2616,1935,-70,4481,11.2,4819,4621,36828,0.12547177495995004,0.9587136929460581,8.438582790834326,10.514040857292054
Bremen,2013,5160,2900,2260,17,5177,11.1,4331,4445,37198,0.11949245947471707,1.0260849492151431,8.399760094524142,10.524037158179487
Bremen,2014,7219,4159,3060,-239,6980,10.9,4742,4527,37091,0.1220478809446781,0.9544592030360531,8.41803561988302,10.521156591920116
Bremen,2015,13689,8194,5495,-42,13647,10.9,5452,5216,37355,0.13962951065424564,0.9565376856776087,8.559677803022392,10.528248820229608
Bremen,2016,9232,5434,3798,-1569,7663,10.5,6382,6188,36393,0.17002802659779084,0.9694501018329938,8.73052880173936,10.502159204873188
Bremen,2017,6791,3370,3421,-604,6187,10.2,6510,6342,35687,0.1777067921990585,0.9740439256642605,8.755107121633896,10.4825697768081
Bremen,2018,6245,3202,3043,-411,5834,9.8,7169,7001,34904,0.2005729838132073,0.9764295676429567,8.85395110151461,10.460385364404502
Bremen,2019,3051,1143,1908,-1878,1173,9.9,7425,7274,35702,0.20373638069630004,0.9795313762456235,8.892199092039693,10.482989997850549
Bremen,2020,3470,1716,1754,-272,3198,11.2,5844,5744,40822,0.1407049947333611,0.9827202737382378,8.656085190282855,10.617000927048924
Bremen,2021,1958,644,1314,-1347,611,10.7,6510,6389,39292,0.16259893619728705,0.9812624788818922,8.76248954737158,10.578801664944281
Bremen,2022,15086,6909,8177,-553,14533,10.2,8858,8743,37214,0.23493215101437592,0.9869059713285924,9.076123029856374,10.52446718479401
Bremen,2023,10137,5480,4657,-490,9647,10.6,9028,8926,39050,0.2285728918593634,0.9885923136559973,9.096835671179361,10.57262376313457
Bremen,2024,7703,4159,3544,-379,7324,11.1,7897,7785,41116,0.18933774351241578,0.9856925804001013,8.960082528170402,10.624176940269097
Hamburg,2000,6377,2398,3979,872,7249,8.9,10630,10380,74681,0.13898931469430384,0.9763898034051359,9.247732491193245,11.220994378229033
Hamburg,2001,6168,2532,3636,640,6808,8.3,9688,9486,70669,0.13422951747559078,0.9790484054081948,9.157677719392877,11.1657764336849
Hamburg,2002,-306,-1457,1151,564,258,9.0,9132,8933,77502,0.11526005444950518,0.9781013905616993,9.097619501912064,11.258071924269657
Hamburg,2003,1723,-602,2325,627,2350,9.9,6726,6480,86376,0.07501997059402388,0.963282295228185,8.776630098427717,11.366476715649949
Hamburg,2004,-5052,-3594,-1458,797,-4255,9.7,7512,7236,84258,0.08587806643800662,0.9631305736723014,8.886962034866128,11.341650667435047
Hamburg,2005,5814,3523,2291,-329,5485,11.3,8702,8229,98228,0.08377363100510032,0.9455360220613581,9.015541293671115,11.495056766427746
Hamburg,2006,3561,1965,1596,-706,2855,11.0,16207,14315,96028,0.149069551906195,0.883205824284304,9.569133071885917,11.472405508165323
Hamburg,2007,7530,4347,3183,-2079,5451,9.1,20985,19111,81056,0.23577235772357724,0.9106547221957495,9.858071689005646,11.302907889874925
Hamburg,2008,-7364,-4804,-2560,-2083,-9447,8.1,19062,18351,72847,0.25190808258291236,0.9626501599958034,9.817493839369153,11.196130357574564
Hamburg,2009,-4203,-3252,-951,-747,-4950,8.6,14404,14005,78448,0.17852362681487335,0.9722318639361333,9.547241088215463,11.27020401110734
Hamburg,2010,5991,3374,2617,-745,5246,8.2,14031,13576,75486,0.17984553631751163,0.9675028506271379,9.51613246360028,11.231715734981039
Hamburg,2011,9046,5118,3928,-672,8374,7.8,15329,14972,72448,0.20665571643500946,0.9766470971950424,9.61400385813772,11.190638145031073
Hamburg,2012,11757,6408,5349,-324,11433,7.5,16134,15828,70434,0.22471782494498474,0.9809730399752091,9.669598979685738,11.162445577694408
Hamburg,2013,10471,5286,5185,-757,9714,7.4,14127,14606,71560,0.20410558823940414,1.0338335220838053,9.589256144850811,11.178305511812328
Hamburg,2014,14844,8255,6589,-804,14040,7.6,14027,13693,73663,0.18588455690703737,0.9761191901910464,9.524713059681009,11.207269492081554
Hamburg,2015,17984,11111,6873,-568,17416,7.4,15197,14775,73291,0.20159089668722371,0.9721673904461113,9.600759521879075,11.202206741400065
Hamburg,2016,25151,14930,10221,-4300,20851,7.1,15663,15326,70666,0.21687633548898355,0.9784218590398366,9.637371257998907,11.165733981956047
Hamburg,2017,18504,9945,8559,-36,18468,6.8,16614,16165,69248,0.23343297376135397,0.9729160397231418,9.69066555029379,11.145463983512109
Hamburg,2018,9842,3999,5843,-713,9129,6.3,17757,17391,65589,0.26514712608629365,0.9793332582498029,9.763765609360991,11.09117852428778
Hamburg,2019,7529,3012,4517,-2665,4864,6.1,16067,15868,64774,0.24497105364724045,0.9875529001742595,9.672122799562842,11.078675005430311
Hamburg,2020,8392,4087,4305,-752,7640,7.6,9985,9920,80677,0.12295793153028087,0.9933907470458642,9.202409001649903,11.298221202469863
Hamburg,2021,11332,5615,5717,-2077,9255,7.5,11056,10998,80395,0.13679785063933528,0.9946640137469477,9.305559638557117,11.294719702685642
Hamburg,2022,45950,21277,24673,-1859,44091,6.8,12789,12630,73800,0.17113589246758174,0.9874902267396404,9.443909388773974,11.209127560632263
Hamburg,2023,23893,13830,10063,-1790,22103,7.4,11336,11170,80806,0.13823059883425942,0.9852694716415278,9.321076413570848,11.299818874420074
Hamburg,2024,17404,9062,8342,-2520,14884,8.0,13802,13659,88471,0.15438782891762365,0.9895674853292763,9.522227133124781,11.390441396755197
Hessen,2000,5953,401,5552,1311,7264,7.3,34733,33145,214928,0.15421371708796858,0.9542523176138654,10.40867732468349,12.278063020012882
Hessen,2001,1307,-3159,4466,1480,2787,6.6,33111,31184,200588,0.1554621639272343,0.9417733752114037,10.347692488960224,12.209013317512932
Hessen,2002,8563,1153,7410,1102,9665,7.0,26857,24472,213667,0.11453282662822697,0.9111624097103284,10.105325748023002,12.272178687464837
Hessen,2003,6410,323,6087,-6289,121,7.9,20616,18535,242043,0.07657698600254499,0.8990153756608624,9.827470066112213,12.396874806793718
Hessen,2004,4211,162,4049,2919,7130,8.2,16932,14929,250923,0.05949610240550924,0.8816512136065671,9.611127890533236,12.432905383419502
Hessen,2005,6013,895,5118,-10627,-4614,9.7,22494,19377,296731,0.06530134936575765,0.8613914203156257,9.87189368094495,12.60058465351341
Hessen,2006,-4158,-4830,672,-11594,-15752,9.2,27237,23753,284201,0.08357787770670157,0.8720537484396799,10.075506216334185,12.557440531918054
Hessen,2007,6397,1629,4768,-10317,-3920,7.5,32273,28906,234298,0.12337227218212626,0.8956435520852699,10.271839059304192,12.364353356454341
Hessen,2008,-526,-1620,1094,-5650,-6176,6.5,32671,29854,203355,0.1468065854953874,0.9137487757100882,10.304107608981093,12.222713416678298
Hessen,2009,5473,1534,3939,-3283,2190,6.8,24450,22307,210015,0.10621571689776017,0.9123144247679031,10.012700637509445,12.254938997273449
Hessen,2010,12125,6069,6056,-2441,9684,6.4,30685,27985,197982,0.14135051999414092,0.9119794042886007,10.239459664115659,12.195936447404755
Hessen,2011,31270,17411,13859,-1774,29496,5.9,37964,35354,182583,0.19363142444025763,0.9312261293296458,10.473195104038341,12.114965620083714
Hessen,2012,35330,18906,16424,-1418,33912,5.7,35542,33471,178329,0.18769135871698536,0.9417044143713249,10.418464547424595,12.091391045446558
Hessen,2013,42173,23350,18823,-2033,40140,5.8,32338,32248,185612,0.17373783086313999,0.9971860601750209,10.38124231399123,12.131419139984782
Hessen,2014,57381,31504,25877,-1581,55800,5.7,35734,33901,184378,0.1838658415546239,0.9486777668952008,10.431229288678432,12.124748700756145
Hessen,2015,94891,59764,35127,-1196,93695,5.5,42549,40768,177944,0.22910449858102222,0.9581198589894242,10.615677267673389,12.089229792763314
Hessen,2016,60750,32075,28675,-13547,47203,5.3,48688,46854,172826,0.27110347341561214,0.9623118158105527,10.754813005557924,12.060046373146333
Hessen,2017,44967,21907,23060,-9580,35387,5.0,52282,50593,166287,0.30424925430578276,0.9676759176022799,10.831588271169641,12.021476503828202
Hessen,2018,39632,19376,20256,-6393,33239,4.6,55691,54468,154337,0.35291373478987675,0.978021978021978,10.90538701147962,11.946900281524108
Hessen,2019,36233,17745,18488,-4407,31826,4.4,54618,53625,149812,0.3579462396454246,0.981801204708984,10.889789304075094,11.917143128676386
Hessen,2020,25172,12293,12879,-1937,23235,5.4,41943,41269,184955,0.22312874413373993,0.9839071142475682,10.627891122746627,12.12787323793472
Hessen,2021,27882,12553,15329,-6040,21842,5.2,45798,45006,178086,0.25271917658223225,0.9826852114674993,10.7145733122105,12.090027473912926
Hessen,2022,126861,57432,69429,-6981,119880,4.8,53282,52136,164492,0.31694965743223114,0.978473434303624,10.861630148432843,12.010623295090662
Hessen,2023,61239,35084,26155,-7994,53245,5.2,48520,47550,181344,0.2622073947448234,0.9799880464128934,10.769558098246616,12.108156573335648
Hessen,2024,42406,21301,21105,-6704,35702,5.5,47992,47169,194912,0.24200027704668237,0.9828308294959681,10.761513376278307,12.18030858414349
Mecklenburg-Vorpommern,2000,2901,1695,1206,-108,2793,17.8,5271,5130,163039,0.03146467124631992,0.9730652503793626,8.543055850941965,12.001750848456552
Mecklenburg-Vorpommern,2001,3040,1747,1293,-319,2721,18.3,6023,5822,167977,0.03465930062270059,0.9664674634794157,8.66957087183712,12.031588297429431
Mecklenburg-Vorpommern,2002,2748,1448,1300,-210,2538,18.6,6172,5971,169794,0.035165935392679405,0.9672768508018792,8.69483715865908,12.042347106018292
Mecklenburg-Vorpommern,2003,2349,1105,1244,-245,2104,20.1,5189,4975,181684,0.02738255772353249,0.9585741811175337,8.512381634419015,12.110029697316643
Mecklenburg-Vorpommern,2004,543,-300,843,-276,267,20.4,4039,3792,182632,0.02076295083582923,0.9386138613861386,8.2409125416889,12.115233953706158
Mecklenburg-Vorpommern,2005,988,313,675,-357,631,20.3,5117,4741,180361,0.026286024772402168,0.926338413442751,8.464214266625351,12.102721221406783
Mecklenburg-Vorpommern,2006,1452,674,778,-574,878,19.0,6330,5894,167908,0.0351023471046817,0.9309745695782656,8.68185981297147,12.031177444964344
Mecklenburg-Vorpommern,2007,1570,795,775,-691,879,16.5,7808,7389,145692,0.0507162320770387,0.9462159047253169,8.907883013942248,11.889256947103275
Mecklenburg-Vorpommern,2008,1096,542,554,-1136,-40,14.1,6366,6040,124033,0.04869632520115452,0.948641432385739,8.706324840138741,11.72831100055138
Mecklenburg-Vorpommern,2009,-24,-89,65,-850,-874,13.5,5816,5418,117961,0.04593004526881538,0.9314079422382672,8.597666575566114,11.678117817685447
Mecklenburg-Vorpommern,2010,1779,899,880,-411,1368,12.7,6572,6141,109865,0.055895363442739335,0.9342765860337745,8.722905701000768,11.607016720369769
Mecklenburg-Vorpommern,2011,3087,1673,1414,-431,2656,12.5,8104,7719,107543,0.07177527337647846,0.9523750771128933,8.951569643018821,11.58565534513409
Mecklenburg-Vorpommern,2012,3988,2134,1854,-240,3748,12.0,9063,8686,101893,0.08524545115512198,0.9582965578111209,9.06958293425992,11.531688336221114
Mecklenburg-Vorpommern,2013,5594,3320,2274,-302,5292,11.7,9292,9076,98952,0.09172031166311279,0.9766490907134402,9.113499020526627,11.502400268913718
Mecklenburg-Vorpommern,2014,8431,5007,3424,-283,8148,11.2,10056,9570,93067,0.1028280397128981,0.9515760167047828,9.166492972195906,11.441085687747183
Mecklenburg-Vorpommern,2015,20629,14314,6315,-178,20451,10.4,11438,10792,86095,0.12534844824382085,0.9434391118104729,9.286653054825347,11.363218231729201
Mecklenburg-Vorpommern,2016,11790,6679,5111,-2134,9656,9.7,12974,12306,80389,0.15307874113695732,0.9484393063583815,9.417923485172336,11.294645069322007
Mecklenburg-Vorpommern,2017,5858,2981,2877,-1368,4490,8.6,14590,13932,70982,0.19627234689996195,0.9548351723665273,9.542015406113592,11.17019569073421
Mecklenburg-Vorpommern,2018,5390,2936,2454,-641,4749,7.9,16013,15404,64993,0.23700649290703757,0.9619083302110654,9.642447411030767,11.082050236924848
Mecklenburg-Vorpommern,2019,4797,2586,2211,-568,4229,7.1,17557,16934,58485,0.2895393769449099,0.9644606447203554,9.737137765251871,10.976542688339931
Mecklenburg-Vorpommern,2020,3935,1856,2079,33,3968,7.8,15814,15343,63850,0.2402938090241343,0.9701549162187797,9.63847979712322,11.064307523045168
Mecklenburg-Vorpommern,2021,6331,3681,2650,-416,5915,7.6,17324,16873,62410,0.27035298264728974,0.973910533910534,9.733529254725571,11.041496820872947
Mecklenburg-Vorpommern,2022,27777,12294,15483,-888,26889,7.3,19888,19370,59571,0.32515275632847646,0.9739051737141133,9.871532381294577,10.994940944005759
Mecklenburg-Vorpommern,2023,12295,7596,4699,-662,11633,7.7,18162,17758,63191,0.28101658437776933,0.9777019214887408,9.784647708654596,11.053932989844254
Mecklenburg-Vorpommern,2024,8038,4514,3524,-779,7259,7.9,16310,15964,64944,0.24580799137731926,0.9787260131199804,9.678154105148883,11.081296036841385
Niedersachsen,2000,18778,7756,11022,71162,89940,9.3,41491,38194,350932,0.10883558969945831,0.9205147980333558,10.550459895975461,12.768350601036605
Niedersachsen,2001,28904,14162,14742,82948,111852,9.1,35012,31636,350249,0.09032405424696645,0.9035501099591581,10.362082600698466,12.766402464199253
Niedersachsen,2002,26543,12314,14229,72685,99228,9.2,34440,30791,361839,0.08509562237453018,0.8940216602305392,10.335010194963582,12.798957404151725
Niedersachsen,2003,20149,8890,11259,58376,78525,9.6,25012,21741,379736,0.05725278284707574,0.8691880222284412,9.987001152763945,12.847234186823997
Niedersachsen,2004,14956,5657,9299,47567,62523,9.6,17034,14289,376657,0.03793627110004301,0.8388024655121809,9.567315270923913,12.839092892906148
Niedersachsen,2005,13004,5690,7314,27513,40517,11.6,18816,15525,457109,0.03396337861783816,0.8250518148482755,9.650271316965625,13.03267934113151
Niedersachsen,2006,9109,4582,4527,4040,13149,10.5,28373,24672,417847,0.05904539449752063,0.8695284415309791,10.113464807318579,12.942873009011523
Niedersachsen,2007,9771,4222,5549,1956,11727,8.8,33827,29902,350932,0.08520714780314191,0.883942296322573,10.305714088793774,12.768350601036605
Niedersachsen,2008,2506,478,2028,-1556,950,7.6,34060,30864,303269,0.10177069937679295,0.9061389859369954,10.337378134827997,12.622378776816213
Niedersachsen,2009,7695,3397,4298,-52,7643,7.7,28859,25615,307226,0.08337483359209966,0.8875606375606375,10.150972435236495,12.6353421670185
Niedersachsen,2010,14243,7789,6454,215,14458,7.5,35095,31115,298652,0.10418445486902861,0.8865682698883064,10.345477435326664,12.607037643313415
Niedersachsen,2011,23466,13147,10319,204,23670,6.9,45695,41459,274707,0.15092024986531152,0.9072785364145658,10.63248438598977,12.523463994338595
Niedersachsen,2012,26881,15280,11601,639,27520,6.6,47347,43695,264543,0.1651710112495464,0.9228478499619837,10.685011843713486,12.485762868052403
Niedersachsen,2013,33839,18657,15182,1096,34935,6.6,43836,42540,269207,0.1580190781848979,0.9704131213358579,10.658223595765195,12.503239593993168
Niedersachsen,2014,50679,28377,22302,3364,54043,6.5,48325,44974,267624,0.1680485754320411,0.9306377519347763,10.713862058818734,12.497342025891983
Niedersachsen,2015,115465,73774,41691,4134,119599,6.1,55325,52075,256434,0.20307290346481566,0.9412392003759534,10.860459469017288,12.454630500172847
Niedersachsen,2016,47340,23329,24011,-9160,38180,6.0,62703,59520,252574,0.2356527764030486,0.9492217402398571,10.994084470441106,12.439463513295934
Niedersachsen,2017,41894,20774,21120,-3289,38605,5.8,68435,65465,244260,0.2680124948313484,0.9565871763399381,11.089286202883153,12.405992604714898
Niedersachsen,2018,43434,22491,20943,1575,45009,5.3,77015,74028,227834,0.3249193495292646,0.9612028669367404,11.212212187308628,12.336376961740228
Niedersachsen,2019,36929,17563,19366,1287,38216,5.0,75101,72398,218123,0.3319121233793622,0.963995632606322,11.189947766123723,12.292818987401098
Niedersachsen,2020,24932,11710,13222,2217,27149,5.8,62346,60296,251377,0.23986188131021807,0.9671034692928289,11.007037630233862,12.434713061364754
Niedersachsen,2021,39525,19738,19787,2365,41890,5.5,77484,75157,243021,0.30926006698981984,0.9699554752532749,11.227347843274469,12.400907253204066
Niedersachsen,2022,149692,65462,84230,-884,148808,5.3,87635,85090,230553,0.3690675503352794,0.9709480122324159,11.351476551036857,12.348240387300004
Niedersachsen,2023,61554,36687,24867,866,62420,5.7,77245,75375,251873,0.29925677124276423,0.9757786810967558,11.230244200939822,12.436684241451879
Niedersachsen,2024,36110,19491,16619,-2456,33654,5.9,69296,67786,263090,0.25765229521344324,0.9781953042700261,11.124125715130965,12.480255258917637
Nordrhein-Westfalen,2000,6042,-3433,9475,1117,7159,9.2,98518,92075,777746,0.11838682759303475,0.9345912971102021,11.430369601965666,13.564156557471827
Nordrhein-Westfalen,2001,36150,14611,21539,364,36514,8.8,95927,89472,766351,0.11675052717289183,0.9326995246434826,11.401692182771942,13.549396873197251
Nordrhein-Westfalen,2002,28521,9868,18653,655,29176,9.2,78304,71954,812464,0.08856258423439779,0.9188940680671732,11.183796202604274,13.607828115335115
Nordrhein-Westfalen,2003,17892,3685,14207,-1279,16613,10.0,51511,46295,879964,0.0526100469905053,0.8987226277372263,10.742810843253675,13.68763741293616
Nordrhein-Westfalen,2004,10126,454,9672,-3779,6347,10.2,40941,35516,898807,0.039514557057792096,0.8674710566166772,10.477766734079745,13.708824720010265
Nordrhein-Westfalen,2005,11644,943,10701,-6130,5514,12.0,51063,42828,1057649,0.040493547014607854,0.8387122042926524,10.664970722216369,13.871560023815297
Nordrhein-Westfalen,2006,18262,7264,10998,-8596,9666,11.4,69463,61502,1012773,0.060726282467756874,0.8853794771392376,11.026841233092684,13.828203658636529
Nordrhein-Westfalen,2007,20488,8243,12245,-10442,10046,9.5,84804,77830,851822,0.0913687467936414,0.9177524910087849,11.262295088386889,13.65513403775029
Nordrhein-Westfalen,2008,30,-3524,3554,-12777,-12747,8.5,80396,74691,757238,0.09863596565945494,0.9290272025075562,11.221128270338971,13.53743420253769
Nordrhein-Westfalen,2009,4276,-1321,5597,-8167,-3891,8.9,61847,56295,800404,0.070333143845928,0.9102153667054714,10.938378763646385,13.592873128548765
Nordrhein-Westfalen,2010,32600,15756,16844,-5151,27449,8.7,73643,66570,779582,0.08539180561915793,0.9039432947694314,11.106024326263507,13.5665144403234
Nordrhein-Westfalen,2011,56442,30639,25803,-3867,52575,8.1,97156,89762,728797,0.12316444337113988,0.9238860812911062,11.404928142657898,13.499151880687018
Nordrhein-Westfalen,2012,71514,38638,32876,-2262,69252,8.1,98028,91835,733307,0.12523387171556835,0.9368146160829959,11.427759656597921,13.50532108360918
Nordrhein-Westfalen,2013,84251,44558,39693,-2987,81264,8.3,86416,85598,762784,0.11221772845559365,0.9905226980802389,11.357428879818604,13.544731488120718
Nordrhein-Westfalen,2014,111642,61750,49892,-3802,107840,8.2,99525,91942,763213,0.12046686774613673,0.9237988063420614,11.428924098803945,13.545293742763482
Nordrhein-Westfalen,2015,277172,178910,98262,-3237,273935,8.0,116396,108752,744228,0.146127065728425,0.9343196130484462,11.596834534777335,13.520104062154775
Nordrhein-Westfalen,2016,94064,43766,50298,-37685,56379,7.7,134939,127666,725653,0.17593233138658368,0.9460945605454276,11.757180590457322,13.494828596182634
Nordrhein-Westfalen,2017,93212,45616,47596,-26334,66878,7.4,154990,148486,701219,0.2117538005190953,0.9580298210863857,11.908252691305318,13.460576954155258
Nordrhein-Westfalen,2018,86201,41139,45062,-23353,62848,6.8,169997,164106,650768,0.2521724298483794,0.965340768714926,12.008273933084917,13.385910019510877
Nordrhein-Westfalen,2019,72980,34358,38622,-20066,52914,6.5,163012,157535,635486,0.2478964951289326,0.966395318164809,11.967409282557927,13.362146913068816
Nordrhein-Westfalen,2020,40662,17662,23000,-11216,29446,7.5,128660,125330,733740,0.17080959085017738,0.9741102587419653,11.738713516509346,13.505911384291126
Nordrhein-Westfalen,2021,70637,34247,36390,-16977,53660,7.3,143458,140117,718220,0.1950889767912662,0.9767041454352812,11.850240203729681,13.484532600112727
Nordrhein-Westfalen,2022,309095,139568,169527,-21467,287628,6.8,169110,164973,668502,0.246779745191869,0.9755308643435376,12.013543164708778,13.412796163173004
Nordrhein-Westfalen,2023,143047,84619,58428,-16235,126812,7.2,148627,144564,710175,0.2035608074618123,0.9726565653847189,11.881484512382412,13.473268105622456
Nordrhein-Westfalen,2024,108317,56019,52298,-19471,88846,7.5,136188,133077,749712,0.17750392483523694,0.9771494026683506,11.79869070146523,13.527445745610255
Rheinland-Pfalz,2000,283,-1627,1910,-1940,-1657,7.3,23290,21822,138370,0.15770645583250825,0.936928427289511,9.990719738479,11.837693762637388
Rheinland-Pfalz,2001,9746,4110,5636,-1654,8092,6.8,23267,21585,134841,0.16007623737411192,0.9276689014956163,9.97980023538529,11.811859001631946
Rheinland-Pfalz,2002,7977,2745,5232,-3841,4136,7.2,20160,18449,143708,0.12837748505660745,0.9150835772035117,9.822819649468673,11.875545700586077
Rheinland-Pfalz,2003,4758,979,3779,-2468,2290,7.7,14992,13075,154674,0.08453208340067885,0.8720736343627026,9.478533767844102,11.949081420399189
Rheinland-Pfalz,2004,3147,570,2577,-807,2340,7.7,11063,9403,155415,0.06050213620219282,0.8498734634851771,9.14889040965996,11.953860671718617
Rheinland-Pfalz,2005,5111,1495,3616,-6254,-1143,8.8,10889,8901,178511,0.04986219413820919,0.8173553719008264,9.0940312495758,12.09241110483296
Rheinland-Pfalz,2006,5947,2580,3367,-6951,-1004,8.0,11993,10160,162927,0.06235883334970048,0.847090211772553,9.22631214148588,12.001063664411447
Rheinland-Pfalz,2007,5414,2015,3399,-2329,3085,6.5,14139,12586,133401,0.09434641159802702,0.8900990099009901,9.440419814291506,11.801122404855022
Rheinland-Pfalz,2008,818,-261,1079,-3317,-2499,5.6,15726,13902,116094,0.11974675911968646,0.8839575252750048,9.539859923169542,11.662164100436467
Rheinland-Pfalz,2009,2902,838,2064,-2311,591,6.1,13307,11122,127231,0.08741511569416499,0.8357379020138263,9.316770315592029,11.753767470576191
Rheinland-Pfalz,2010,7500,3601,3899,-1815,5685,5.7,16944,14306,119953,0.11926238391383363,0.8442608439067572,9.568504206966335,11.694863614939846
Rheinland-Pfalz,2011,13030,7086,5944,-1251,11779,5.3,20988,18944,111074,0.1705514292144947,0.902568011815713,9.8492953234527,11.61796092780411
Rheinland-Pfalz,2012,16896,9383,7513,-1191,15705,5.3,21513,19712,111083,0.17745129811674049,0.9162405875244027,9.889033595565978,11.618041950855211
Rheinland-Pfalz,2013,21121,11566,9555,-1029,20092,5.5,20154,19448,116360,0.16713503665317417,0.9649218556189532,9.875550933843105,11.664452706590772
Rheinland-Pfalz,2014,28417,16000,12417,-972,27445,5.4,23602,21939,115741,0.18955089768623318,0.9295004872262,9.99606673382922,11.659118855089122
Rheinland-Pfalz,2015,54935,34097,20838,-1304,53631,5.2,27760,26022,112882,0.2305218677745985,0.9373581643312561,10.166736041346642,11.634107163069356
Rheinland-Pfalz,2016,29559,15794,13765,-8649,20910,5.1,32997,30934,111436,0.2775918231826054,0.9374507545911873,10.33964350796509,11.621214687775463
Rheinland-Pfalz,2017,22135,11506,10629,-5950,16185,4.8,37936,36207,106299,0.3406114769520226,0.9543980810290745,10.497035367873318,11.57402056433004
Rheinland-Pfalz,2018,22717,11947,10770,-1919,20798,4.4,40467,39095,98764,0.3958386067939047,0.966071958090343,10.57377543894999,11.500498569962101
Rheinland-Pfalz,2019,19781,9896,9885,-1856,17925,4.3,39492,38315,97717,0.3920976688020631,0.9701719292026435,10.553622842502783,11.489841058522854
Rheinland-Pfalz,2020,16232,8257,7975,-1060,15172,5.2,30971,30099,117912,0.25526447465504226,0.9718132506780318,10.312280450736967,11.677702343381641
Rheinland-Pfalz,2021,20832,10299,10533,-2946,17886,5.0,37337,36408,112137,0.3246713870409674,0.9750923991643902,10.502571275810162,11.627485534669326
Rheinland-Pfalz,2022,71414,33266,38148,-4206,67208,4.6,45781,44625,102515,0.43529790471731244,0.9747280590625137,10.706071927794449,11.53777416293962
Rheinland-Pfalz,2023,33983,21663,12320,-3192,30791,4.9,41871,41011,110716,0.3704128543945374,0.979437332823844,10.621619985789982,11.614732675108687
Rheinland-Pfalz,2024,24944,13269,11675,-3916,21028,5.3,36985,36281,120552,0.30095476678307465,0.9809387335748662,10.499077029501269,11.699844769239112
Saarland,2000,1933,887,1046,60,1993,9.8,5352,4762,47778,0.09966721781535821,0.8895946198393424,8.46863300080086,10.774341491401676
Saarland,2001,3006,1544,1462,-101,2905,9.0,6383,5818,44918,0.12952202854026135,0.9113408521303258,8.66888370465667,10.712616146805829
Saarland,2002,2955,1458,1497,-47,2908,9.1,6029,5323,45431,0.11716411340024652,0.8827529021558872,8.579980179515003,10.723971981557268
Saarland,2003,1876,839,1037,-230,1646,9.5,4655,4044,47728,0.0847283622116533,0.8685567010309279,8.305236829492593,10.773294458596721
Saarland,2004,-397,-387,-10,-267,-664,9.2,2755,2289,45990,0.04977060729273119,0.8305515239477503,7.736307096548285,10.736201004154935
Saarland,2005,141,-345,486,-345,-204,10.7,2782,2124,53533,0.039675720103112044,0.763205174272368,7.661527081358517,10.88807224504927
Saarland,2006,739,173,566,-441,298,9.9,2931,2409,49681,0.04848838613582384,0.8216234652114598,7.787382026484701,10.813397973445996
Saarland,2007,893,316,577,-555,338,8.4,3507,2760,42487,0.06495951798154773,0.7867730900798175,7.923348211930154,10.656976962102235
Saarland,2008,1746,917,829,-892,854,7.3,3988,3374,36943,0.09132741446513643,0.845826021559288,8.12415060330663,10.517158531594276
Saarland,2009,1021,429,592,-686,335,7.7,2999,2321,38998,0.05951434652170568,0.7736666666666666,7.7501841622578365,10.571291283757406
Saarland,2010,2254,1153,1101,-254,2000,7.5,4256,3246,37834,0.08579357737544602,0.7625088090204369,8.085486772102845,10.540989879128622
Saarland,2011,3251,1848,1403,-211,3040,6.8,6057,4832,34491,0.1400904557578569,0.7976229778804886,8.483222671845084,10.448482692072215
Saarland,2012,3825,2206,1619,-167,3658,6.7,6121,5371,34282,0.1566665694367471,0.877327670695851,8.588955557643128,10.442404883468303
Saarland,2013,4392,2508,1884,-68,4324,7.3,5854,5260,37383,0.14070190455809972,0.8983774551665243,8.568076401730806,10.528998084380262
Saarland,2014,5209,3278,1931,-286,4923,7.2,5734,4940,36911,0.13383181621153012,0.8613775065387969,8.50532301884575,10.516291980413534
Saarland,2015,15113,9936,5177,64,15177,7.2,6443,5647,36895,0.15305182133564615,0.8763190564866542,8.639056779173078,10.515858423068785
Saarland,2016,11113,5956,5157,-1546,9567,7.2,7182,6326,37103,0.1704937473048728,0.8806905192816372,8.752581469146884,10.521480059495312
Saarland,2017,6056,2717,3339,-1198,4858,6.7,8145,7469,34672,0.21541256885761256,0.9168917260004911,8.918650278126863,10.453716565076885
Saarland,2018,4457,2061,2396,-490,3967,6.1,9513,8867,32233,0.27508221132965194,0.9319949548034475,9.090204570736201,10.380777075082664
Saarland,2019,3845,1823,2022,-488,3357,6.2,9093,8506,32854,0.25889514533556535,0.9353419837255333,9.048644632975885,10.399859219331969
Saarland,2020,3788,1868,1920,-523,3265,7.2,7586,7178,38364,0.18709761501368435,0.9460919994727824,8.878915376576483,10.554900864611765
Saarland,2021,5151,2663,2488,-678,4473,6.8,9272,8721,36156,0.24119810825013138,0.9404723390488515,9.073603848402712,10.49562584646259
Saarland,2022,18935,8724,10211,-978,17957,6.3,12104,11376,33017,0.3445393421769944,0.9397769516728625,9.339349052539717,10.404808146287813
Saarland,2023,10021,5828,4193,-850,9171,6.8,10929,10486,35598,0.2945588359223574,0.9593778591033851,9.257891673834406,10.480072826557953
Saarland,2024,6342,3346,2996,-874,5468,7.0,8827,8533,37241,0.22912303313463295,0.9665835976438605,9.051813463747946,10.525192435641708
Sachsen,2000,3925,1195,2730,71,3996,17.0,15169,14537,387868,0.03747914888789772,0.9582729070533949,9.584521190044581,12.868422932729974
Sachsen,2001,6763,3266,3497,-542,6221,17.5,16364,15635,399420,0.03914416117329835,0.955392606171708,9.657331226912845,12.897771277449934
Sachsen,2002,7491,3778,3713,-592,6899,17.8,16958,16065,405349,0.03963241643024547,0.9472846276313462,9.684460516733758,12.912506170415853
Sachsen,2003,5374,2650,2724,-746,4628,17.9,12735,11841,403480,0.029347106803046488,0.9297267587939698,9.37940781309172,12.907884677603294
Sachsen,2004,1041,-1024,2065,-1316,-275,17.8,8065,7192,396328,0.018146539869653748,0.8916439375154972,8.880863609867356,12.889999953387425
Sachsen,2005,3864,1497,2367,-1452,2412,18.3,9192,7845,402270,0.019501778651704944,0.8533666920482976,8.967759126769497,12.904881269831268
Sachsen,2006,3023,819,2204,-2049,974,17.0,14397,12942,371909,0.03479874163103977,0.8988748437282956,9.468310380442437,12.826407168500301
Sachsen,2007,2783,1090,1693,-2743,40,14.7,16511,15126,321282,0.04707998867042452,0.9160610465116279,9.6242365055622,12.680077633651253
Sachsen,2008,1490,476,1014,-3428,-1938,12.8,14883,13745,278749,0.049309417040358745,0.9234748723461436,9.52850315168155,12.538070601756466
Sachsen,2009,1065,508,557,-2351,-1286,12.9,12699,11403,277757,0.04105372302507938,0.8978740157480315,9.341719450032562,12.534505509967369
Sachsen,2010,2085,685,1400,-1684,401,11.8,15034,13383,253198,0.052855658987594735,0.8901230462254739,9.50181524266666,12.441931019797282
Sachsen,2011,6841,4026,2815,-1600,5241,10.6,18847,17369,226887,0.07655318923874334,0.9215301358234296,9.76249985923515,12.332211782635136
Sachsen,2012,9863,5707,4156,-1285,8578,9.8,19241,18117,207826,0.08717346639272087,0.941534144059869,9.804661198229233,12.244461281834278
Sachsen,2013,11042,6172,4870,-1211,9831,9.4,18249,18236,200628,0.09089413793619068,0.9992328767123287,9.811207776416833,12.209212710362369
Sachsen,2014,18089,11682,6407,-936,17153,8.8,22721,21937,187494,0.11700045334542254,0.9654519848604877,9.995975571971279,12.141507457370373
Sachsen,2015,42325,29007,13318,-890,41435,8.2,27444,26719,174319,0.15327558513079395,0.9735470941883767,10.193167627650581,12.068647969618501
Sachsen,2016,16524,9298,7226,-5470,11054,7.5,31818,31169,157862,0.19744335278057557,0.9795719538640435,10.347211372761382,11.969482847262736
Sachsen,2017,14457,7469,6988,-3164,11293,6.7,35934,35370,140348,0.2520146206955518,0.984277167107277,10.473647554347222,11.851887456720114
Sachsen,2018,14744,8006,6738,-1224,13520,6.0,39164,38618,126311,0.30573500538349485,0.9860334482318397,10.561499662327744,11.746510315701725
Sachsen,2019,12606,6393,6213,-1313,11293,5.5,37853,37191,116051,0.32046841071243926,0.9824853384054525,10.52384896337042,11.661793645504963
Sachsen,2020,9470,4769,4701,-527,8943,6.1,34755,34289,128669,0.26648791482085954,0.9865634710553574,10.442609045456965,11.765006266179036
Sachsen,2021,17123,9788,7335,-1506,15617,5.9,40143,39678,124743,0.31807541845699994,0.9883917895575927,10.58857735946834,11.734018916264722
Sachsen,2022,75677,34640,41037,-2100,73577,5.6,44523,43951,118216,0.3717824001624132,0.9871305363399515,10.690853408335055,11.680277197639525
Sachsen,2023,36733,22554,14179,-1967,34766,6.2,39492,39048,131069,0.29791714351110093,0.9887321803863975,10.572572546745315,11.78348681061359
Sachsen,2024,20416,11582,8834,-2399,18017,6.5,35109,34778,139751,0.24885511477474384,0.9905440045571062,10.45676903533851,11.847624702185065
Sachsen-Anhalt,2000,2491,688,1803,-775,1716,20.2,7683,7363,272867,0.026983743055250156,0.9582248828735034,8.904358542352968,12.516743440751792
Sachsen-Anhalt,2001,4917,2750,2167,-817,4100,19.7,8933,8547,264557,0.03230671535164312,0.9566823371390195,9.053452616439039,12.485815787905297
Sachsen-Anhalt,2002,3857,2018,1839,-1195,2662,19.6,9415,8994,260465,0.03453041855750846,0.9551826677994902,9.104424146384634,12.470227613423148
Sachsen-Anhalt,2003,3609,2072,1537,-814,2795,20.5,7027,6657,268264,0.02481501500382085,0.9472111553784861,8.80357441813497,12.499730576916544
Sachsen-Anhalt,2004,1042,-27,1069,-2703,-1661,20.3,4628,4193,262763,0.01595728486398441,0.9058111903218837,8.341410211461865,12.479011569907742
Sachsen-Anhalt,2005,1444,609,835,-460,984,20.2,5196,4510,258527,0.017444918925609607,0.8678083509717145,8.414274137408396,12.462759284279436
Sachsen-Anhalt,2006,1496,773,723,-428,1068,18.3,8566,7822,231932,0.03372525686297336,0.9130384031749738,8.96482339168508,12.35420381583624
Sachsen-Anhalt,2007,1228,458,770,-1278,-50,15.9,8727,8038,201190,0.03995208533184884,0.9209440879926672,8.99205997632796,12.212009984596895
Sachsen-Anhalt,2008,158,-194,352,-1456,-1298,13.9,7761,7160,174600,0.041007783460575827,0.9224426694150992,8.87640491500694,12.0702586497481
Sachsen-Anhalt,2009,1007,492,515,-935,72,13.6,7319,6683,167688,0.03985353839548211,0.9129781420765027,8.807471889715284,12.029866352338557
Sachsen-Anhalt,2010,2748,1537,1211,-701,2047,12.5,8229,7554,151305,0.04992531690745906,0.917861482381531,8.92996487470684,11.927059555302119
Sachsen-Anhalt,2011,2197,1158,1039,-812,1385,11.6,10700,9952,139310,0.07143728779493363,0.9300065414447248,9.205629292246064,11.844464122910097
Sachsen-Anhalt,2012,4667,2947,1720,-602,4065,11.5,10930,10093,136701,0.07383213120510307,0.9233372975939987,9.219696466900208,11.825558653182924
Sachsen-Anhalt,2013,6246,4035,2211,-605,5641,11.2,10806,10338,132134,0.07823816551254399,0.9566022022763024,9.243678431586693,11.791579406212005
Sachsen-Anhalt,2014,9952,6279,3673,-360,9592,10.7,12451,11660,125559,0.09286396941701179,0.9363957597173145,9.364005219520333,11.74053901095589
Sachsen-Anhalt,2015,29987,20932,9055,-152,29835,10.2,14597,13926,118852,0.11716994943333361,0.9539662967529798,9.541584681053092,11.685642714371324
Sachsen-Anhalt,2016,14895,8842,6053,-3315,11580,9.6,16554,15900,110263,0.14419937604295147,0.9604349139232861,9.674137279312397,11.610632769374275
Sachsen-Anhalt,2017,7013,3105,3908,-2300,4713,8.4,18555,17900,96960,0.1846103072369303,0.9646475533520156,9.792611856190192,11.482064114781311
Sachsen-Anhalt,2018,5352,2216,3136,-1206,4146,7.7,19541,19022,88106,0.21589658029441475,0.9733906457885579,9.853404052368141,11.386307263932462
Sachsen-Anhalt,2019,5979,3004,2975,-764,5215,7.1,20104,19618,80608,0.24337232815194332,0.9757771698582443,9.884253763420828,11.29736558479194
Sachsen-Anhalt,2020,5258,2805,2453,-800,4458,7.7,18777,18354,86110,0.21314350083032366,0.9774203855575674,9.817657295930935,11.363392440675852
Sachsen-Anhalt,2021,10031,5430,4601,-836,9195,7.3,21004,20566,81093,0.2536069252965694,0.9791002142347061,9.931443128549459,11.303364254629285
Sachsen-Anhalt,2022,40650,18695,21955,-970,39680,7.1,22617,22176,77978,0.2843842573000423,0.9804580422672208,10.00681099476803,11.264194838653388
Sachsen-Anhalt,2023,17020,10977,6043,-820,16200,7.5,20665,20300,82627,0.24567943070145715,0.9822897512822995,9.918425424900335,11.322103885118143
Sachsen-Anhalt,2024,13796,7855,5941,-906,12890,7.7,19977,19602,84801,0.23115020872149242,0.9811792972269496,9.883437894730424,11.348074406407536
Schleswig-Holstein,2000,3603,1284,2319,-53,3550,8.5,12868,12080,114372,0.10561933323424234,0.9386898748931541,9.399389249519563,11.647220316086138
Schleswig-Holstein,2001,5555,2343,3212,60,5615,8.4,12327,11491,116194,0.09889410043461423,0.9321057754704737,9.34940642009918,11.663025093214266
Schleswig-Holstein,2002,4569,1449,3120,-269,4300,8.7,11770,10825,121630,0.08899869276746881,0.9196329963469544,9.289705927356923,11.708747150234526
Schleswig-Holstein,2003,2755,723,2032,-552,2203,9.7,8096,7155,136139,0.05255619215513442,0.8836606150426084,8.87570644462861,11.821439047001942
Schleswig-Holstein,2004,1173,-67,1240,-992,181,9.8,6246,5431,137808,0.039409617659223996,0.8693773011045302,8.600062669238532,11.8336239474754
Schleswig-Holstein,2005,3349,1555,1794,-1269,2080,11.6,7609,6443,161524,0.03988856214208327,0.8466491458607096,8.770904744296866,11.992415208426365
Schleswig-Holstein,2006,1963,690,1273,-1541,422,10.0,10573,9062,140824,0.06434936978519439,0.8570077548704369,9.111955470054781,11.855273263762914
Schleswig-Holstein,2007,2553,1127,1426,-1863,690,8.4,12297,11041,119037,0.09275189435306373,0.8977882582533745,9.30946146284399,11.68719804885051
Schleswig-Holstein,2008,-1390,-1196,-194,-2149,-3539,7.6,11182,10158,107326,0.09464533621549098,0.9083430206563534,9.226115291091546,11.58363552790632
Schleswig-Holstein,2009,-259,-683,424,-1348,-1607,7.8,9545,8483,110373,0.07685686846539946,0.8886444584119003,9.045937315684574,11.611629877842569
Schleswig-Holstein,2010,3524,1777,1747,-745,2779,7.5,11548,10256,107176,0.09569217276094684,0.8880422547406702,9.235715678307411,11.58223695236041
Schleswig-Holstein,2011,7162,3931,3231,-676,6486,7.2,13857,12618,103714,0.12166031914380755,0.9105209987011113,9.44295889365291,11.549402031780247
Schleswig-Holstein,2012,8776,4918,3858,-664,8112,6.9,14989,13826,100051,0.13818814216607364,0.9223482321547698,9.534378481388618,11.51344532981708
Schleswig-Holstein,2013,11741,6591,5150,-808,10933,6.9,15028,14641,101751,0.14388906360562936,0.9741832457249318,9.591649390206587,11.53029375913132
Schleswig-Holstein,2014,15231,8837,6394,-657,14574,6.8,16853,15723,100957,0.15573802967570674,0.9328942684229263,9.662943486541751,11.522459867753149
Schleswig-Holstein,2015,30293,19046,11247,-290,30003,6.5,18174,17288,97850,0.17667678409009616,0.9511966987620357,9.757825740104776,11.491201192496069
Schleswig-Holstein,2016,31266,18150,13116,-5389,25877,6.3,21482,20534,94977,0.21619743519551896,0.9558255364706978,9.929886026390658,11.461400564816765
Schleswig-Holstein,2017,13787,6771,7016,-1915,11872,6.0,23615,22722,92434,0.24581597879591063,0.9621443089430894,10.031132906371798,11.434260973786547
Schleswig-Holstein,2018,11217,5431,5786,-1255,9962,5.5,25196,24373,85053,0.2865591271427564,0.9672976941699408,10.101272269383447,11.35104162787622
Schleswig-Holstein,2019,12762,6546,6216,-2468,10294,5.1,25377,24650,79678,0.30936633240879025,0.9713137363070375,10.112572746599298,11.285761341978922
Schleswig-Holstein,2020,8542,4347,4195,-961,7581,5.8,22063,21623,92140,0.23467294689660412,0.9800126903553299,9.981559087956283,11.43107529148072
Schleswig-Holstein,2021,12007,5990,6017,-2355,9652,5.6,24775,24350,88865,0.2740080570746967,0.9828059412334518,10.100328195429285,11.394884896155027
Schleswig-Holstein,2022,43423,18758,24665,-3807,39616,5.2,30287,29695,81564,0.36406546925764727,0.9804212889593238,10.298767635585927,11.309155527370404
Schleswig-Holstein,2023,24729,14812,9917,-3071,21658,5.5,27340,26885,87757,0.3063538366872536,0.9833217512161223,10.199360984014199,11.382338305263723
Schleswig-Holstein,2024,17626,9508,8118,-3006,14620,5.7,25405,25119,92493,0.2715743723917227,0.9887034558765646,10.131419620582134,11.434899056531835
Thüringen,2000,1864,989,875,-236,1628,15.4,9540,9347,193663,0.04826400363516193,0.9796667016036055,9.142917695658749,12.173879977707973
Thüringen,2001,3320,1879,1441,-210,3110,15.3,10118,9882,194131,0.05090350895267138,0.9765787133115921,9.198571388376184,12.176293619041049
Thüringen,2002,2659,1362,1297,-369,2290,15.9,10757,10489,201157,0.05214309150021376,0.9749953522959658,9.258177701390343,12.211845947902015
Thüringen,2003,1775,649,1126,-412,1363,16.7,8219,7933,210664,0.037656943488476965,0.9650851581508516,8.978912601074276,12.258024473037185
Thüringen,2004,1050,343,707,-703,347,16.7,5577,5249,207430,0.025304800150411463,0.9410182861240588,8.565983355585669,12.242554033232008
Thüringen,2005,965,172,793,-785,180,17.1,5791,5155,209941,0.024554400739251792,0.8900207182320442,8.547916364059079,12.254586581075802
Thüringen,2006,831,330,501,-1321,-490,15.6,7129,6568,188453,0.034852006325150967,0.9211781206171108,8.790116892892472,12.146609224259352
Thüringen,2007,1456,582,874,-1434,22,13.1,9962,9314,158498,0.05876377768944915,0.9348589782194118,9.13938128303569,11.973503563131304
Thüringen,2008,983,405,578,-1823,-840,11.2,9315,8670,134884,0.06427697668384179,0.9306569343065694,9.06773940337716,11.812177842536745
Thüringen,2009,1853,876,977,-1179,674,11.4,8094,7482,136029,0.05500257296184665,0.9242742433600988,8.920389060080359,11.820630728627476
Thüringen,2010,2692,1466,1226,-889,1803,9.8,10732,9850,117069,0.08413769539591698,0.9177303642970278,9.19532825185568,11.670527325473719
Thüringen,2011,3794,2034,1760,-1067,2727,8.8,13699,12813,104174,0.12299496040316775,0.9352554744525547,9.458293602198967,11.553827456290655
Thüringen,2012,5386,3041,2345,-598,4788,8.5,14694,13772,99316,0.13866709626750706,0.9371895202449813,9.530465432917332,11.506072033769213
Thüringen,2013,6654,3650,3004,-624,6030,8.2,14141,13979,95858,0.14582876933829897,0.9884740489322585,9.5453830157878,11.470633640779385
Thüringen,2014,10873,6780,4093,-496,10377,7.8,16776,15974,90160,0.17717194795976088,0.9521368540263456,9.678780279245736,11.409352240045228
Thüringen,2015,30752,20650,10102,-426,30326,7.4,18248,17610,85212,0.20665860842829145,0.9649843827059017,9.776278985795086,11.352909283337558
Thüringen,2016,7908,3961,3947,-2439,5469,6.7,21028,20467,77215,0.26506164525486947,0.9732750011888345,9.926617969924983,11.254361968424758
Thüringen,2017,9525,5013,4512,-1512,8013,6.1,24085,23493,68614,0.3423886905195657,0.9753798887320435,10.064500348383831,11.136266448703733
Thüringen,2018,9253,4618,4635,-823,8430,5.5,25916,25263,62145,0.4065104753322821,0.9747655978701238,10.137135736495424,11.037241734449294
Thüringen,2019,7985,4334,3651,-840,7145,5.3,23411,22867,59065,0.38714319574713035,0.9767213394840253,10.037493832383863,10.986410741739597
Thüringen,2020,5403,2756,2647,-488,4915,6.0,18211,17933,66678,0.268945245129651,0.9846804304853942,9.794453631511994,11.107645339751674
Thüringen,2021,11487,6285,5202,-758,10729,5.6,20242,19960,62249,0.3206425702811245,0.9860198587165934,9.901535648810883,11.038913814326953
Thüringen,2022,40598,18766,21832,-1123,39475,5.3,21308,21032,58172,0.36154229625427603,0.9870007977849735,9.953847911875076,10.971176608550728
Thüringen,2023,18867,11531,7336,-977,17890,5.9,16586,16404,64978,0.252450791794272,0.9889672635196238,9.705341445395202,11.081819419754105
Thüringen,2024,11153,6186,4967,-1067,10086,6.2,15139,14946,68768,0.2173362997862409,0.9871862615587846,9.612265889785814,11.138508340983787
